customer_id,avg_transaction_value
C8618,1835.375
C9587,2250.6923076923076
C8387,1908.7857142857142
C8111,2479.769230769231
C1804,1989.5555555555557
C2983,2299.375
C1842,2567.3846153846152
C3656,3371.5454545454545
C1602,2062.8571428571427
C8196,1841.0
C6521,3021.7272727272725
C1524,2206.235294117647
C1100,2515.4666666666667
C5725,1695.8
C1571,1998.3076923076924
C3970,2053.846153846154
C8007,2745.8333333333335
C6966,1786.2222222222222
C2430,2887.3333333333335
C2207,2788.1
C2367,3650.8571428571427
C2777,2134.222222222222
C7299,2833.8333333333335
C7031,2253.4666666666667
C8178,1693.25
C2320,1880.6666666666667
C9225,2211.235294117647
C4932,1623.4444444444443
C2100,2949.9473684210525
C2843,2587.5333333333333
C5169,1250.7692307692307
C6091,2216.9333333333334
C8907,2695.0
C5733,2920.0
C4276,1817.3333333333333
C6174,2482.909090909091
C5236,2277.285714285714
C6406,2183.7368421052633
C4980,1659.909090909091
C4863,3041.3571428571427
C8368,2354.714285714286
C5219,2732.8
C6678,1835.888888888889
C8849,1909.090909090909
C1875,2712.5333333333333
C4202,1781.5
C5745,2123.85
C3424,2350.3333333333335
C2846,3110.125
C5974,4757.0
C3981,2160.5714285714284
C3397,2820.1111111111113
C5490,2479.5
C1774,2632.9375
C8090,2456.0714285714284
C5984,1938.0
C8477,2778.125
C4112,2063.3571428571427
C1628,1880.0
C2490,3490.5714285714284
C3029,2795.3684210526317
C5934,1960.0526315789473
C3280,1684.5555555555557
C7927,2395.9
C7995,1295.4285714285713
C6502,2933.8888888888887
C7413,3407.3333333333335
C9224,1923.75
C3620,3032.625
C8230,2365.4
C7810,1713.764705882353
C7341,2690.076923076923
C9605,2810.5
C5835,2322.3571428571427
C1305,1694.7272727272727
C3178,2357.0
C9082,3003.5
C5839,3640.5714285714284
C4566,1921.3157894736842
C3109,1741.0
C5055,1851.8461538461538
C8112,1991.25
C9405,2470.3
C1829,2692.0833333333335
C6832,2471.0
C2243,2718.714285714286
C4141,1802.142857142857
C2744,2485.823529411765
C7923,2019.2307692307693
C4973,2819.2631578947367
C5988,3913.285714285714
C3124,2132.285714285714
C1130,2334.0476190476193
C2178,2692.153846153846
C1482,2330.5555555555557
C3929,2144.5833333333335
C6198,2220.785714285714
C2570,1810.75
C2899,1966.0
C4362,2439.9375
C5781,1900.764705882353
C2779,2645.1111111111113
C8661,2144.0
C3829,2130.6
C4330,2357.8
C6606,3647.0714285714284
C1709,2629.0
C1665,1667.2941176470588
C1917,2390.125
C2954,2492.0
C8666,2315.6
C9602,3307.3333333333335
C8817,2800.818181818182
C5607,2340.8333333333335
C1189,1968.0
C5017,2908.6
C1194,1649.9285714285713
C2539,2430.714285714286
C1586,2583.6363636363635
C4166,2506.5263157894738
C9229,3369.846153846154
C7228,2826.5714285714284
C1852,2487.285714285714
C2218,2666.5
C7164,2068.625
C8675,2260.909090909091
C7511,2384.6666666666665
C4909,2663.6875
C1358,2634.0
C7681,2696.923076923077
C8075,2682.7272727272725
C4592,3979.2727272727275
C6975,3115.6363636363635
C7826,2825.8333333333335
C1814,1427.3636363636363
C6924,2411.6
C9393,2010.625
C4598,2997.1666666666665
C3457,1806.6666666666667
C8228,3320.9285714285716
C9084,2327.9473684210525
C1212,2182.1666666666665
C4050,2124.6
C4105,2466.5384615384614
C6754,3366.0833333333335
C2006,2684.75
C7977,2440.5
C9388,2281.214285714286
C3202,1669.875
C4364,2571.4
C5872,3072.6666666666665
C2743,2227.6
C7479,2707.6153846153848
C6463,2117.5
C1729,2047.8333333333333
C9760,2496.125
C1096,1673.3846153846155
C7777,2738.2105263157896
C1642,1520.9
C5461,2472.3
C6448,2732.8571428571427
C6326,1699.6
C3842,2445.181818181818
C9495,3243.4545454545455
C3642,1362.0
C5526,3322.1428571428573
C5418,3843.0
C5164,2223.9375
C9008,2444.4
C3099,2149.2727272727275
C5421,2418.0
C6165,2089.181818181818
C8803,2423.3636363636365
C2428,2695.3846153846152
C4942,2731.4545454545455
C7333,2430.9285714285716
C2705,3339.9166666666665
C4054,1633.235294117647
C1815,2996.5
C1623,3620.5
C3234,1802.764705882353
C1520,1450.6666666666667
C9171,2195.470588235294
C5307,2619.4444444444443
C7035,2743.1052631578946
C8241,3666.3333333333335
C8737,3292.785714285714
C7345,3036.4666666666667
C5655,2196.9
C2357,1927.75
C7054,2636.0
C3927,3813.6
C5323,2452.25
C9664,3798.181818181818
C2650,2659.133333333333
C1704,1687.7
C2534,2142.3333333333335
C6940,2550.6
C1173,1594.611111111111
C3553,2790.2631578947367
C6702,2875.9
C6123,2821.3333333333335
C8765,1668.0
C7949,1896.7272727272727
C8473,2464.0
C2342,3016.4545454545455
C8845,2109.1875
C7990,2400.6
C1195,2863.3076923076924
C5811,2230.5
C5855,2286.3
C5176,2567.076923076923
C6087,1690.9166666666667
C8508,987.3333333333334
C6772,2773.75
C8433,2069.7894736842104
C9159,2398.769230769231
C4741,2277.0
C9182,1732.4666666666667
C3677,2743.076923076923
C5646,2520.8333333333335
C8590,2627.3076923076924
C2472,2758.1666666666665
C9765,3403.823529411765
C2508,2765.0
C8983,2489.777777777778
C9534,2680.705882352941
C6951,1841.4615384615386
C1491,2027.8125
C1454,2743.6153846153848
C6900,2225.1666666666665
C6681,2859.5333333333333
C5644,3402.733333333333
C6762,2720.3076923076924
C6782,2869.3
C7415,2982.714285714286
C6417,2565.1666666666665
C4708,3328.4375
C9014,2955.866666666667
C2425,3168.1666666666665
C3777,2150.3
C3001,2683.304347826087
C3820,2740.5
C2461,2567.0
C6943,3111.6666666666665
C9817,2516.2727272727275
C3590,2093.0
C1396,1981.142857142857
C7123,1718.5454545454545
C9706,1591.375
C1740,2456.0
C6748,2625.222222222222
C2358,2474.7
C2270,1718.2857142857142
C6512,2062.3
C5857,3376.818181818182
C1649,2992.6363636363635
C6715,3093.0714285714284
C2576,3321.0
C2379,1812.75
C7925,2576.714285714286
C8300,3972.6428571428573
C4440,3163.2727272727275
C5105,2163.9
C4171,3013.076923076923
C3097,2070.5
C7579,2988.6
C8838,2565.45
C3163,2383.0
C7132,2301.4615384615386
C9438,2582.181818181818
C7615,2215.5333333333333
C6005,1744.7
C4286,1656.9
C4353,3063.714285714286
C5170,2255.777777777778
C1023,1818.7333333333333
C6016,2830.3529411764707
C1947,2689.75
C8879,3385.1428571428573
C3069,2883.9285714285716
C2836,2116.1111111111113
C6002,2634.0
C1943,2994.222222222222
C9130,2226.733333333333
C1498,3470.8571428571427
C9780,2557.9166666666665
C5282,2922.1428571428573
C2766,1929.9285714285713
C5411,3173.0
C5262,2317.0
C9896,2858.9
C3651,2705.6666666666665
C7907,1842.111111111111
C5903,2597.0
C7909,2087.0
C2368,2472.8571428571427
C5950,2237.5555555555557
C5301,2110.5
C2412,3361.153846153846
C6383,3521.6470588235293
C2566,2094.769230769231
C4924,1885.2307692307693
C3813,1006.8461538461538
C1769,1895.2142857142858
C1798,2760.8125
C6845,2624.8333333333335
C3024,2480.8571428571427
C3778,2581.6428571428573
C8718,2135.0
C1337,2019.111111111111
C4125,2480.0666666666666
C4552,2979.3846153846152
C7263,1371.125
C6967,2631.4375
C5104,3605.0555555555557
C9612,2514.076923076923
C3201,2212.0666666666666
C3046,2487.0
C5737,1678.5
C6931,2661.0
C7424,3510.222222222222
C4305,3335.0
C7001,2676.714285714286
C8579,2330.625
C5353,2292.5833333333335
C4915,1820.5384615384614
C5881,2389.2727272727275
C7916,3114.0
C4628,1809.8333333333333
C9516,3558.5714285714284
C2473,4063.0
C4150,2420.6875
C9296,2461.8571428571427
C7190,1286.2
C4288,3037.8888888888887
C9791,1466.0
C2062,1767.8333333333333
C7194,3868.125
C8370,2621.25
C1036,3288.090909090909
C8132,3467.6666666666665
C3423,3390.5625
C1114,2460.6153846153848
C1703,2095.7
C4165,2146.4285714285716
C5241,2641.0
C7083,2210.75
C6985,3215.7368421052633
C5637,2621.846153846154
C2120,2363.3846153846152
C9442,3007.4
C4640,2605.0
C8873,1513.1538461538462
C4498,2178.5
C6384,2913.3333333333335
C6974,2121.529411764706
C9051,2036.3125
C7234,3014.5555555555557
C9569,2520.214285714286
C3033,2678.8
C7892,2543.3846153846152
C1955,1952.3333333333333
C3579,2747.818181818182
C5874,2543.769230769231
C7733,1678.25
C2792,2837.0
C9256,2600.5
C5948,1626.9
C9687,3444.1111111111113
C8568,3351.0666666666666
C9096,3020.153846153846
C3645,2467.7
C8774,2158.3
C6042,2042.111111111111
C6119,2839.714285714286
C1732,2855.6428571428573
C8208,2142.1428571428573
C7493,2976.0526315789475
C9892,2940.4
C7771,3660.9333333333334
C7385,1648.764705882353
C9075,2243.3
C1127,2122.5263157894738
C1918,2015.0
C5532,2176.9285714285716
C8679,2674.823529411765
C8780,2124.777777777778
C9776,2323.6153846153848
C3913,2994.0833333333335
C7379,2128.9285714285716
C7370,2506.222222222222
C8794,1288.8461538461538
C1321,1983.1666666666667
C4786,2677.8
C1328,2790.5454545454545
C3343,2703.8333333333335
C1343,2480.3
C5239,2445.5454545454545
C1934,2223.3333333333335
C2724,1944.6666666666667
C4036,2493.0
C4916,2548.866666666667
C2988,3276.3333333333335
C7104,1888.3636363636363
C4473,2996.076923076923
C4346,2119.7
C1542,2345.7
C2075,2961.3636363636365
C3070,2178.4444444444443
C2203,2125.0
C9444,2442.75
C6360,1878.25
C3533,1986.3
C7524,2374.823529411765
C4831,2407.75
C9666,2773.5
C7584,1999.9333333333334
C4117,2561.0
C6861,1650.111111111111
C3463,2772.5714285714284
C7420,2281.4166666666665
C1570,2941.4615384615386
C3007,3210.6923076923076
C1600,3115.909090909091
C1359,2562.866666666667
C8556,2614.1666666666665
C9232,1607.5555555555557
C1507,2704.6
C2249,2127.5625
C9314,2766.6666666666665
C2492,1737.3846153846155
C6034,1849.5714285714287
C3999,2206.875
C1608,2305.5454545454545
C5340,2881.75
C9767,2110.2727272727275
C7497,3106.133333333333
C2857,1958.857142857143
C8052,3239.5833333333335
C7502,1869.3809523809523
C1937,2192.5263157894738
C3459,3134.5
C9944,2604.076923076923
C5163,2588.0833333333335
C3835,2523.5789473684213
C9503,2259.846153846154
C7580,3084.222222222222
C3896,2667.6
C2926,2391.4375
C7833,2828.5384615384614
C3719,2017.3636363636363
C2009,2697.75
C2406,2376.705882352941
C4103,2554.6
C1485,1322.6666666666667
C3960,2561.076923076923
C6154,2227.7
C1817,1950.7142857142858
C8055,2702.923076923077
C8073,3411.0
C1209,3283.5
C6576,2748.0833333333335
C7801,2829.5454545454545
C6438,1581.2
C7758,4060.8
C1526,3242.6153846153848
C1952,2902.875
C6240,3018.153846153846
C4254,2952.8
C9478,2283.733333333333
C9153,2205.1428571428573
C5808,2595.714285714286
C1558,1788.2857142857142
C5888,2568.6666666666665
C3363,2761.4285714285716
C5847,1447.25
C6415,2687.0
C3329,2897.8571428571427
C1066,2334.0833333333335
C2872,2431.8888888888887
C1020,2119.6428571428573
C2643,1115.5
C5760,2052.181818181818
C9079,2397.8571428571427
C3061,2579.3
C6472,3597.4545454545455
C6554,2614.4444444444443
C8557,2290.8
C2416,2952.0
C1322,2294.6363636363635
C4292,3632.5
C5147,3445.9
C3211,2965.8888888888887
C6314,3090.0625
C7402,2168.866666666667
C6278,2855.4
C4667,2204.5625
C4070,2833.1176470588234
C4597,1698.5833333333333
C8298,3244.923076923077
C4866,2233.1
C4414,2725.0714285714284
C7075,2691.0
C4520,2241.6428571428573
C3349,3188.1
C1717,3043.3846153846152
C5138,2561.5333333333333
C2932,1428.5555555555557
C9464,2583.5833333333335
C9852,1799.8333333333333
C6856,3766.5
C5223,1892.7272727272727
C3245,2190.0
C4324,2876.0
C8343,2448.6428571428573
C6687,2327.375
C9013,2668.285714285714
C3327,1585.0
C3357,3457.1428571428573
C7043,2355.785714285714
C1893,2348.764705882353
C3658,2847.5882352941176
C9627,2009.764705882353
C5261,1728.090909090909
C8969,3460.8571428571427
C3071,2325.0
C2598,3916.0
C6793,2944.6363636363635
C6471,2498.6923076923076
C6269,2877.75
C6853,2137.4285714285716
C3940,2514.823529411765
C2607,2891.090909090909
C5003,3628.6666666666665
C9301,2175.153846153846
C8303,2935.0
C8374,2126.153846153846
C9539,1918.888888888889
C8512,4514.266666666666
C3126,3137.75
C2122,2445.090909090909
C9712,1668.8
C4359,2557.222222222222
C7659,2900.0
C5527,2203.3333333333335
C1186,2828.4545454545455
C6859,3007.6363636363635
C4974,3487.5555555555557
C6380,3172.8
C8962,1888.5625
C2457,2341.5454545454545
C9693,1643.5
C5191,2324.3333333333335
C4441,3027.4117647058824
C1658,2554.181818181818
C6585,2605.9
C5606,2594.5
C9781,3271.25
C5791,2007.3333333333333
C5101,1439.1538461538462
C7251,2175.9473684210525
C4022,1954.888888888889
C7172,1698.0
C6593,2696.529411764706
C4204,2974.1176470588234
C6027,3469.7
C7531,2836.6666666666665
C7611,2465.0
C3976,2766.3636363636365
C9591,4307.090909090909
C4875,3142.818181818182
C9959,3310.133333333333
C9888,2831.1428571428573
C4268,2870.0
C8160,2148.6923076923076
C7116,1641.5833333333333
C9064,2342.8125
C9048,3007.8
C2440,2421.6666666666665
C9680,2324.1428571428573
C5141,2601.1
C8022,3368.6666666666665
C9408,2535.375
C3973,2171.3571428571427
C4783,2866.8333333333335
C5517,1982.5714285714287
C9778,2875.4545454545455
C9979,2543.9166666666665
C9622,2304.153846153846
C4447,3659.4
C5568,1514.6666666666667
C7863,3181.909090909091
C9788,2532.785714285714
C4136,2682.3
C1240,4017.6666666666665
C6929,2527.5833333333335
C2966,3473.0
C5110,3299.3
C2161,2631.0833333333335
C2340,2578.6666666666665
C1030,3005.5
C7944,2694.4285714285716
C7343,2669.1
C4793,2075.0
C5165,2163.3333333333335
C8011,2142.5
C5664,2614.6666666666665
C2977,2473.529411764706
C5708,3196.7
C7365,1733.3636363636363
C6056,2374.6428571428573
C1587,2018.0
C2287,2264.3571428571427
C4969,2462.6666666666665
C8930,2774.3333333333335
C1462,3365.923076923077
C1873,2781.9333333333334
C8673,2323.3333333333335
C7844,2890.1111111111113
C9879,1977.0
C1076,2795.0
C2637,2257.125
C5117,2111.6
C3786,1160.7142857142858
C4774,2971.4117647058824
C6699,3422.153846153846
C6672,3184.4666666666667
C1156,1970.3076923076924
C1662,1812.3636363636363
C9146,2817.5
C6875,3017.0
C3952,3064.6923076923076
C4575,2630.7272727272725
C3948,2993.75
C2529,2885.6
C7553,2285.0833333333335
C3594,2090.6111111111113
C3487,2455.9333333333334
C4865,2709.9333333333334
C9904,2231.0
C4898,2032.8
C6148,2537.4375
C8861,3047.230769230769
C9017,2334.923076923077
C2549,2200.9333333333334
C3975,2608.3888888888887
C9252,2060.4615384615386
C2047,2411.3333333333335
C6430,2776.9
C7079,2358.7
C7352,2342.4666666666667
C8588,3072.818181818182
C9802,2298.0
C1859,2074.6153846153848
C1332,2578.9444444444443
C4072,2990.176470588235
C2438,2461.684210526316
C4878,1862.1764705882354
C4489,2324.4166666666665
C7921,2451.7368421052633
C1668,2912.5714285714284
C3042,2120.5333333333333
C1759,2432.181818181818
C3200,2432.375
C1118,2790.65
C1688,2840.0
C4129,2661.769230769231
C8154,2506.875
C6362,2641.125
C5395,1867.375
C4002,3161.1666666666665
C7745,2506.705882352941
C5450,3291.5714285714284
C5121,2700.222222222222
C3859,2195.5
C5968,3225.2
C9398,2234.25
C4130,4102.076923076923
C4397,2235.6363636363635
C4494,2189.777777777778
C6190,2380.4285714285716
C9502,2836.7
C4825,2483.4
C6516,2530.8888888888887
C6712,3167.4545454545455
C3530,2409.4444444444443
C6510,2805.4375
C9190,842.0
C9371,3274.4444444444443
C8038,2618.769230769231
C2376,2428.5333333333333
C7537,3169.375
C4694,1953.5882352941176
C4849,3504.6923076923076
C8240,2379.5238095238096
C5306,2263.4761904761904
C5814,2943.3
C2875,2241.8
C3078,2511.214285714286
C4513,2446.5714285714284
C3541,1588.0
C7249,2014.875
C5651,2704.153846153846
C8779,3360.733333333333
C2710,3419.235294117647
C7225,3328.3571428571427
C7210,2672.1176470588234
C3306,2984.5333333333333
C4727,1672.923076923077
C4753,2532.5714285714284
C4409,1675.4166666666667
C6345,3302.3571428571427
C7544,2615.8571428571427
C2151,3847.923076923077
C5139,3028.7272727272725
C1854,3652.7368421052633
C5068,1943.3333333333333
C8043,3317.4444444444443
C6838,2747.875
C3720,2591.8
C2012,2681.8
C7200,2872.8571428571427
C6462,3565.4285714285716
C6411,2302.076923076923
C8715,2094.6111111111113
C7338,2465.6875
C2613,2893.6363636363635
C2537,2946.8571428571427
C5767,2672.285714285714
C8016,2190.0
C5341,2881.0
C1479,1719.923076923077
C1549,2381.3333333333335
C7898,2917.0
C6220,1746.3333333333333
C8308,2730.315789473684
C5747,2077.4444444444443
C5969,1594.2142857142858
C8041,2072.0
C7505,2303.769230769231
C3758,1766.0
C8798,2676.866666666667
C3035,3587.3571428571427
C8169,2751.0833333333335
C6679,2112.285714285714
C3547,2079.1
C4376,3031.235294117647
C3471,2634.2727272727275
C4482,3490.5
C1552,1780.111111111111
C6839,2456.181818181818
C2396,3073.1428571428573
C3903,2753.6923076923076
C7499,2595.1111111111113
C2157,2724.4
C5986,2630.75
C4118,3136.5555555555557
C1559,2548.6666666666665
C5445,2856.0
C8938,2069.8125
C9409,3364.266666666667
C9437,3235.133333333333
C5508,3093.5555555555557
C6110,3050.3333333333335
C3161,1492.2222222222222
C7354,2048.6363636363635
C5382,2586.6315789473683
C4541,2407.315789473684
C1014,2663.5
C9684,2308.6428571428573
C1609,3221.9375
C5266,2188.0
C4222,3135.8333333333335
C3939,1764.625
C6407,1624.2
C5081,2525.214285714286
C1115,1702.0625
C4432,1911.388888888889
C4720,1484.1
C1409,2637.3333333333335
C2839,2754.6
C4660,4394.0
C8184,2947.4545454545455
C9465,2872.2727272727275
C8756,2104.6666666666665
C8279,1963.3076923076924
C3266,2527.8
C1404,1769.3333333333333
C6922,2536.8333333333335
C8045,3748.181818181818
C8822,3027.4375
C2276,3081.3636363636365
C3483,1989.4615384615386
C5388,2280.8
C4210,3092.6363636363635
C3272,2225.5454545454545
C1908,1462.6
C3945,2261.5714285714284
C2829,1867.9
C9922,2309.818181818182
C5287,2943.266666666667
C2884,3346.8
C5810,795.1111111111111
C4421,2247.4615384615386
C9871,2630.0
C1110,2587.5555555555557
C9965,2503.0
C3256,3028.125
C8355,3573.4
C8408,1375.4666666666667
C2146,1998.909090909091
C4868,2294.076923076923
C4419,1563.7
C5693,2632.0833333333335
C9429,2148.8571428571427
C8547,3208.375
C8306,2301.1176470588234
C2741,1807.2
C4888,3009.285714285714
C6916,1723.6
C7459,2720.1
C8093,2808.4615384615386
C9596,1617.2666666666667
C9211,3348.285714285714
C6342,2396.0625
C8997,3186.823529411765
C4773,2723.923076923077
C9824,2786.6875
C7279,2401.2
C6305,2018.75
C6491,2318.076923076923
C3741,1830.4
C2339,2105.3
C5555,1730.4545454545455
C2649,2685.6153846153848
C1239,1001.75
C7721,2624.5454545454545
C6451,3063.4444444444443
C4503,2721.0
C5181,2007.3333333333333
C9387,1894.2
C8411,2627.0
C7432,2098.090909090909
C1585,2666.0
C6830,2338.2
C7789,2655.181818181818
C2263,2884.9
C8533,1525.3076923076924
C3085,1544.25
C7147,3689.8888888888887
C2072,2555.5714285714284
C1706,1558.5555555555557
C3101,2760.1666666666665
C7718,1659.4444444444443
C3131,2662.9285714285716
C1375,2997.375
C9506,2361.8333333333335
C1574,2947.1111111111113
C9750,2712.3333333333335
C4453,2159.4
C4614,2431.9545454545455
C2313,2390.5333333333333
C6227,1999.909090909091
C7115,2333.705882352941
C5150,2998.6
C8717,2838.6666666666665
C6642,2134.5
C9206,2857.75
C8850,3428.0833333333335
C5177,2822.6666666666665
C9334,2941.7368421052633
C7393,2534.4444444444443
C3707,2283.285714285714
C9123,2598.3636363636365
C1690,2325.2
C4369,2983.7
C4424,2498.0
C6952,1877.2857142857142
C8840,2189.785714285714
C1543,2680.1176470588234
C1974,2914.9285714285716
C1879,2914.529411764706
C9369,2035.5833333333333
C5990,2936.7368421052633
C4431,1793.3333333333333
C1675,2131.8888888888887
C3576,2278.1111111111113
C4941,3739.785714285714
C3925,2928.25
C1601,1693.4545454545455
C3027,2695.6
C6981,2389.5
C5270,2335.5
C5052,2844.4
C8767,1915.4
C9497,2576.3846153846152
C2097,1791.7222222222222
C9095,2355.4375
C3388,2240.0833333333335
C5886,3086.0
C6508,1932.842105263158
C5462,2223.5
C7461,2126.0
C7934,1808.8
C8833,2598.8333333333335
C3134,2293.090909090909
C7136,2381.5833333333335
C5787,1976.909090909091
C9908,2590.5
C5312,1748.8333333333333
C5877,3643.4
C6809,3909.25
C3173,4066.4545454545455
C6895,3793.909090909091
C5595,1812.4545454545455
C8580,1585.4615384615386
C9316,1768.6190476190477
C6546,2814.285714285714
C5493,2877.5384615384614
C7967,2092.2727272727275
C3387,1801.3
C7256,3086.818181818182
C9864,1909.142857142857
C6572,2916.5833333333335
C9098,3129.25
C1231,3259.777777777778
C4265,2745.1428571428573
C2134,2677.9285714285716
C2348,2657.1
C7011,2667.0
C4908,3125.294117647059
C1131,2286.1428571428573
C1951,2144.6666666666665
C4728,1908.764705882353
C4604,3342.25
C6490,2963.818181818182
C3717,3604.4545454545455
C8498,2793.714285714286
C1837,3616.8571428571427
C8937,3024.6666666666665
C2452,1394.3076923076924
C8296,1995.5454545454545
C8116,3238.4545454545455
C9553,1960.4545454545455
C4284,2616.285714285714
C8603,2869.7272727272725
C8655,2716.181818181818
C7000,1696.3846153846155
C5817,3682.4444444444443
C4950,2106.0666666666666
C6106,3194.25
C2361,2248.4666666666667
C4665,2075.0
C5756,3146.8888888888887
C4951,2748.9333333333334
C4844,2645.777777777778
C5113,2753.181818181818
C4766,2338.75
C3926,2651.8333333333335
C8094,2359.3846153846152
C1534,2609.181818181818
C2316,2518.0
C7601,2035.4375
C9370,2751.529411764706
C9479,1807.4615384615386
C8281,2385.5
C1870,2590.5
C8518,2844.1111111111113
C9804,2013.4705882352941
C1284,1816.4
C6266,1908.1666666666667
C2617,3020.5
C7563,2710.470588235294
C7712,2526.153846153846
C7254,2577.1428571428573
C2474,2773.625
C9974,2868.4285714285716
C5376,1988.5
C2775,2068.714285714286
C8407,2812.4
C4003,1493.9
C1811,2625.3333333333335
C5906,2462.5
C4481,2443.75
C9235,2850.285714285714
C2255,2121.5454545454545
C7175,2781.7
C7410,2852.1666666666665
C1625,1924.2
C4347,2869.8
C2166,2211.6428571428573
C2989,2554.5625
C7073,2980.818181818182
C8357,2992.6470588235293
C1150,2320.4
C9474,1834.8461538461538
C9037,2304.5625
C5845,2167.2608695652175
C3936,1831.1666666666667
C1062,2788.5
C7093,2344.5
C8250,2567.5555555555557
C7270,1973.1
C2904,1684.4166666666667
C1154,2527.5
C6530,1893.6875
C2952,3243.4444444444443
C3909,1755.2
C3402,2980.8888888888887
C6377,2740.2
C4311,2289.777777777778
C7731,3539.0
C4743,2606.1111111111113
C8096,2582.684210526316
C4025,2935.5555555555557
C1314,1765.375
C4497,1339.9
C9533,2666.875
C6319,3541.7
C9181,2788.0
C8517,2302.4166666666665
C5234,2491.7
C5776,2926.4545454545455
C2842,2228.0833333333335
C8342,2184.3333333333335
C5092,2091.5555555555557
C9857,3537.0714285714284
C7428,2500.5
C6118,3460.909090909091
C3369,1877.5384615384614
C2370,2137.4615384615386
C1536,2754.6666666666665
C3776,1674.6666666666667
C8834,2642.909090909091
C2007,1796.1666666666667
C9552,3004.470588235294
C9518,1940.611111111111
C2129,2493.5
C8217,2064.5714285714284
C4869,2533.214285714286
C8104,1646.0
C7222,2484.6666666666665
C4578,2887.3636363636365
C8616,1663.8666666666666
C4704,2218.4285714285716
C5097,2635.8571428571427
C1267,1859.4444444444443
C7323,2057.8333333333335
C7007,2917.176470588235
C7488,1805.0526315789473
C2236,1659.2222222222222
C2699,2790.3076923076924
C6818,2749.25
C3243,2231.785714285714
C2355,2808.5833333333335
C6273,2604.866666666667
C8068,2521.846153846154
C2148,2473.3333333333335
C7682,2723.230769230769
C6017,2318.818181818182
C2469,2967.222222222222
C9061,2378.5384615384614
C5486,3112.3571428571427
C3079,1588.4
C6889,3007.4166666666665
C5151,2537.777777777778
C6630,1936.9375
C1699,2506.8125
C3118,3439.6666666666665
C6459,1871.7
C3957,2279.6153846153848
C3916,3208.529411764706
C2714,2297.0
C9164,2531.1666666666665
C9584,2449.75
C1767,1635.2
C3625,2033.6923076923076
C7233,2178.25
C4996,2214.285714285714
C1349,1826.0625
C8609,2381.0
C8575,2641.0
C4247,2136.75
C7140,3219.75
C6636,2077.909090909091
C4798,2974.0
C6400,2001.9285714285713
C5039,2991.285714285714
C7867,2465.3
C7768,3874.125
C3090,2124.3333333333335
C5885,2447.4117647058824
C6677,2669.8571428571427
C8143,2578.3333333333335
C8565,2270.5384615384614
C1001,2072.5625
C6271,1715.25
C1079,2612.25
C4044,2169.0
C2025,3979.8571428571427
C5782,3670.5714285714284
C2940,3840.181818181818
C8889,2132.3125
C3263,2620.4545454545455
C7084,2859.0
C4691,2235.0
C6620,2260.2
C1144,1524.7777777777778
C3729,1615.7142857142858
C8032,2443.733333333333
C9386,2045.642857142857
C3192,2711.1428571428573
C1707,2421.769230769231
C4220,2093.5263157894738
C9434,1864.3
C4230,2132.1111111111113
C9449,3064.705882352941
C6183,2550.1428571428573
C5479,2363.076923076923
C8454,2163.3076923076924
C5702,1879.090909090909
C7815,2563.2
C1743,2600.1176470588234
C4669,2083.1666666666665
C5994,1951.3636363636363
C7762,2588.9333333333334
C8852,3184.4
C6722,2303.3076923076924
C3784,1496.7777777777778
C8259,2783.7
C4615,2697.8333333333335
C3009,2024.8125
C9545,2194.2
C7725,1549.888888888889
C5225,2205.4
C6347,2304.153846153846
C5125,1985.3529411764705
C6078,2413.1428571428573
C9905,2946.5
C7342,2731.2
C6813,1875.1538461538462
C5668,2704.5714285714284
C9685,3207.6666666666665
C8887,1734.5625
C9758,2342.0
C4775,1611.4
C3411,2536.5454545454545
C7646,2339.315789473684
C2734,2568.5555555555557
C8821,2644.4
C3782,2511.5555555555557
C9821,3323.3333333333335
C2117,2936.0
C5152,3431.6666666666665
C1661,2182.6923076923076
C6309,2025.7777777777778
C8190,3242.9333333333334
C8634,2147.5714285714284
C9205,1962.3333333333333
C6180,2547.75
C4257,2317.0
C8941,2400.235294117647
C3864,2292.3333333333335
C4405,2409.0714285714284
C3550,2256.3846153846152
C7850,2794.842105263158
C2813,2459.6666666666665
C5314,2480.2
C2065,2542.6428571428573
C2091,2734.5454545454545
C7861,3193.4666666666667
C9208,1692.2727272727273
C4164,2116.3333333333335
C4787,2760.5
C9514,2895.3888888888887
C3482,1923.4
C4919,2362.4285714285716
C2381,2820.0
C1473,1962.357142857143
C6850,2748.3333333333335
C7773,1820.888888888889
C5660,2111.3333333333335
C1932,3771.090909090909
C6732,1963.3333333333333
C8949,2260.181818181818
C1055,1937.75
C4082,1974.6666666666667
C6971,2633.470588235294
C1119,3067.4285714285716
C6777,3245.230769230769
C5868,2065.0
C8965,2031.357142857143
C6405,2092.714285714286
C2230,3252.733333333333
C6617,2545.125
C8481,2091.6363636363635
C1086,3151.75
C3865,2647.8
C8385,1589.8333333333333
C4034,1752.0714285714287
C5137,2405.9473684210525
C3738,1947.7
C2764,2998.277777777778
C7319,2128.1
C4267,2197.0
C8166,2525.0
C6140,2312.3333333333335
C5031,2731.153846153846
C5339,3491.125
C2254,2593.0
C7022,2705.133333333333
C4500,2189.4
C4180,2449.6
C1081,2839.285714285714
C6973,2329.5833333333335
C4677,1699.85
C3513,2251.9375
C9720,2442.4285714285716
C7247,2987.8823529411766
C5565,1703.0714285714287
C9421,2942.5
C9101,2526.9
C8383,2306.3
C5203,2370.818181818182
C6807,2725.2727272727275
C5062,3468.6666666666665
C2519,2397.5
C2421,3075.7272727272725
C6573,3537.866666666667
C8775,2326.05
C6600,1934.7272727272727
C5356,2799.714285714286
C2465,2799.6428571428573
C3734,2209.266666666667
C2575,3171.4545454545455
C6622,2960.714285714286
C2733,2681.076923076923
C5061,2480.0
C5748,2852.222222222222
C9269,2347.4
C1290,2221.25
C4654,3962.285714285714
C1844,3465.6428571428573
C6524,3208.266666666667
C5870,2090.875
C1855,2990.5625
C6826,2322.6363636363635
C1827,3121.133333333333
C6500,4229.5
C3685,3372.222222222222
C4177,2685.8333333333335
C9253,2100.2631578947367
C2233,2030.642857142857
C1910,2420.125
C2248,2390.7
C9511,1050.5714285714287
C4564,2609.3
C6734,2539.0
C1181,2656.8571428571427
C6111,2516.375
C7803,1420.2
C6187,1852.1
C6437,1823.6315789473683
C9920,3047.866666666667
C5583,3472.3529411764707
C7458,1856.0
C6569,2472.6666666666665
C3644,2063.6428571428573
C8157,2787.75
C3713,2313.75
C7951,2770.6363636363635
C6015,1831.923076923077
C2512,2037.3333333333333
C6441,2450.6923076923076
C1109,1816.357142857143
C9368,3512.5
C1723,1803.0
C4624,1943.7777777777778
C3962,2553.5882352941176
C3358,2059.0
C9849,2058.9166666666665
C1053,2413.6666666666665
C5602,2420.1
C9367,1626.3636363636363
C5850,2849.0
C9271,2101.133333333333
C6386,3078.909090909091
C5942,1990.090909090909
C7982,3180.0
C8987,2895.1428571428573
C7871,3864.75
C9807,2572.0714285714284
C8278,3022.0625
C4603,1575.25
C1599,2484.8888888888887
C1386,2876.818181818182
C6641,3156.5625
C9024,2548.3333333333335
C3993,2770.0714285714284
C6445,2747.733333333333
C7332,2476.4545454545455
C3631,2917.75
C9237,1806.5294117647059
C4548,2270.1666666666665
C1618,1103.5384615384614
C9001,3110.2
C4635,2414.076923076923
C3285,1974.7777777777778
C4377,2696.4285714285716
C5018,2532.285714285714
C1008,3193.214285714286
C2432,1859.875
C6852,2409.9375
C6625,2096.5
C3826,2627.6470588235293
C8922,3698.5
C5344,3331.3333333333335
C9702,3614.923076923077
C2479,2596.35
C1547,2102.909090909091
C6788,2036.5
C8528,2364.4444444444443
C7865,2710.7272727272725
C1283,2697.181818181818
C8376,3423.6666666666665
C4355,2513.923076923077
C7958,1285.5
C1304,1414.6153846153845
C6921,1797.4615384615386
C5346,2054.1666666666665
C3632,2415.3636363636365
C9818,3034.0588235294117
C8214,1753.1176470588234
C3167,2132.529411764706
C6296,2103.5
C5529,3086.6470588235293
C4705,3458.1
C8409,2815.9285714285716
C9366,1851.2142857142858
C2892,1873.75
C8402,2662.285714285714
C2018,3073.6666666666665
C4537,3735.6666666666665
C1056,1456.1818181818182
C2298,3029.4736842105262
C5711,3546.0
C8364,2032.642857142857
C4031,2594.4166666666665
C9310,2202.5
C6844,1978.4166666666667
C1933,2905.5555555555557
C9139,2369.4166666666665
C6242,1998.5714285714287
C5377,1047.8333333333333
C4381,1857.4285714285713
C4052,3339.0714285714284
C2765,2449.35
C1348,1951.5294117647059
C9984,2891.25
C5997,3006.3333333333335
C9551,2496.1875
C4493,1824.0
C2591,2572.3571428571427
C2219,2515.4
C2568,1740.2222222222222
C8544,3856.3333333333335
C1694,2753.6666666666665
C2119,1772.142857142857
C2543,2093.1
C8131,2290.6666666666665
C2852,2645.7272727272725
C7344,1710.4545454545455
C2252,2064.1
C2785,2005.4545454545455
C4546,2555.714285714286
C1263,1975.6363636363637
C8314,2700.818181818182
C6522,2387.6
C7654,2144.3076923076924
C2925,1624.5
C1157,2003.0
C9482,2194.9473684210525
C5127,2287.1428571428573
C6318,2303.6153846153848
C5891,2048.1176470588234
C6880,2738.176470588235
C5220,2499.375
C6433,2821.4444444444443
C8919,2391.3846153846152
C5235,2137.714285714286
C6760,4714.142857142857
C4701,1152.875
C6336,3619.4
C2055,1679.8181818181818
C4514,2418.75
C2051,1930.4444444444443
C8420,1667.5
C2253,2391.1
C2577,3834.8333333333335
C1796,3061.090909090909
C2970,3184.1176470588234
C3465,2480.5333333333333
C1355,2450.0555555555557
C5816,2254.0
C9638,1448.3636363636363
C8841,2075.0
C9011,3348.214285714286
C8637,3616.6666666666665
C2782,3963.1666666666665
C3630,3248.6363636363635
C4004,1787.8823529411766
C5194,3778.2727272727275
C3780,2372.0
C2014,2020.375
C9401,2496.2105263157896
C1294,2033.076923076923
C4724,2483.285714285714
C2189,2792.25
C8395,3042.5
C2864,2733.75
C8034,2800.0
C7935,2662.5555555555557
C5753,2093.5
C3721,2179.9333333333334
C1629,3714.181818181818
C1863,1942.0833333333333
C5717,2435.3846153846152
C7246,3588.733333333333
C5435,2650.25
C6836,1822.6666666666667
C7363,3150.6470588235293
C7082,2593.4666666666667
C8699,2925.9411764705883
C9103,1601.2222222222222
C7013,2412.769230769231
C8405,2272.8571428571427
C2921,2756.4166666666665
C9798,2338.25
C6221,4454.0
C9603,3336.8
C5703,1778.3333333333333
C5412,2342.4166666666665
C1684,2595.6666666666665
C5641,2805.1428571428573
C1249,3022.222222222222
C9679,2777.4285714285716
C5212,2335.625
C4273,2712.125
C9176,2150.4545454545455
C1385,2920.3846153846152
C6197,1722.0
C4128,3341.5714285714284
C2964,2688.9411764705883
C4931,2193.8888888888887
C1394,2646.0714285714284
C1028,2107.375
C2838,3087.4285714285716
C2493,2384.85
C4331,2813.8
C4674,3214.777777777778
C1876,2007.0714285714287
C5102,2883.875
C3895,2688.1
C4568,2166.85
C5627,2917.25
C6049,2784.875
C3698,2956.5833333333335
C1502,1540.0
C2683,3047.8333333333335
C2840,2337.0625
C3763,2661.0714285714284
C7534,3201.5454545454545
C9858,2290.714285714286
C3354,2361.3
C9215,2468.0
C5442,2436.4166666666665
C5661,2700.5789473684213
C9670,3085.315789473684
C8379,2738.230769230769
C3647,2738.6363636363635
C1768,3517.5
C7753,2649.4166666666665
C6814,3832.4
C9756,2792.090909090909
C6194,3556.75
C4229,2253.0
C7349,2381.8125
C9563,2777.8571428571427
C2482,2462.214285714286
C1237,1967.7
C3910,2826.230769230769
C6955,1761.3125
C8264,2375.785714285714
C3053,1336.0
C4954,1860.3636363636363
C8204,1789.2727272727273
C3432,3528.8571428571427
C8658,2847.3333333333335
C1839,2517.470588235294
C4199,2235.6
C9886,2115.090909090909
C3955,2243.076923076923
C4318,2389.4444444444443
C2336,2597.6666666666665
C6495,2678.230769230769
C3858,3214.6666666666665
C7214,3184.0
C1433,1549.8333333333333
C3066,3185.0
C1915,1918.2307692307693
C7705,2565.214285714286
C9673,3138.375
C1521,2308.7272727272725
C9165,2546.3125
C1041,3168.3076923076924
C1801,2693.6428571428573
C9863,2508.7272727272725
C1582,3815.285714285714
C7261,2621.9333333333334
C5183,1961.6
C4616,2275.9375
C3911,2169.4285714285716
C9162,2098.0
C6238,2121.1428571428573
C9099,2929.0588235294117
C5054,2590.0555555555557
C6980,2486.8888888888887
C2158,2676.0
C3440,2620.4210526315787
C5578,2418.8888888888887
C5179,2285.2
C4965,1957.7692307692307
C2826,3016.0
C9006,3107.5555555555557
C2267,2130.181818181818
C8998,2808.9444444444443
C9170,1648.4615384615386
C6113,1761.4
C9598,3252.5384615384614
C4763,2661.153846153846
C8748,2865.0
C3422,3281.25
C5178,2523.714285714286
C6736,3113.5714285714284
C3185,2294.1
C4551,2504.1428571428573
C8896,2976.75
C3209,3398.076923076923
C8643,2769.714285714286
C2882,2145.3846153846152
C2861,2508.5
C5492,2578.2631578947367
C4316,2629.0
C6570,2106.3076923076924
C4386,2130.6
C5381,1782.0
C6912,3489.375
C4528,3175.222222222222
C2043,3209.7
C8427,2484.5714285714284
C2293,2460.3571428571427
C1595,2232.6666666666665
C9185,1829.0869565217392
C9458,2730.3333333333335
C5494,1976.0
C6112,2105.764705882353
C9057,2053.846153846154
C7401,2309.5454545454545
C6529,2523.133333333333
C3779,2604.4545454545455
C6718,2231.0
C9576,2453.5
C5560,3046.4666666666667
C5976,2023.6
C5571,2836.375
C2629,2473.0833333333335
C3831,3090.6
C2673,3005.6
C6653,2779.6666666666665
C6731,2495.8125
C9625,1647.1538461538462
C3156,2319.090909090909
C9515,2655.5714285714284
C7063,3207.3
C7086,2550.923076923077
C3821,1736.0
C1631,2950.8333333333335
C6542,3169.3529411764707
C9769,2837.7272727272725
C7006,2120.4
C7570,3149.3
C3851,2909.5
C3538,1615.2222222222222
C5487,3221.35
C2302,2679.6666666666665
C1686,2633.9333333333334
C8174,3189.090909090909
C6928,3317.7
C2962,1929.2222222222222
C3019,1720.125
C2392,1892.85
C2180,3284.714285714286
C8382,2342.125
C9450,3336.5
C6587,2607.2727272727275
C3162,2158.0
C7495,3687.3846153846152
C4097,2516.4375
C7911,2044.0
C5100,2367.923076923077
C6152,2438.0
C8791,2673.769230769231
C7714,2512.25
C8589,2334.5
C2193,2609.6363636363635
C3870,1992.111111111111
C7518,2242.6315789473683
C3197,2577.3333333333335
C3159,3179.75
C6168,2419.181818181818
C7893,1418.3333333333333
C4065,1643.642857142857
C4190,2956.125
C1891,2718.3636363636365
C7778,3466.0
C3528,2422.2
C9707,2145.0
C3898,2308.684210526316
C3532,2785.125
C2494,2606.0
C8087,2635.909090909091
C8404,1192.3529411764705
C1961,2093.0
C4734,3447.5
C6954,2110.2727272727275
C5935,2823.1666666666665
C8856,2355.9285714285716
C4934,2916.5
C3690,2152.3888888888887
C5116,2513.846153846154
C1797,2395.375
C2923,3551.923076923077
C4485,2728.3333333333335
C8511,2477.2631578947367
C6331,1978.1818181818182
C8189,1984.0
C5389,2282.1176470588234
C4492,3356.0
C9212,3518.0714285714284
C5370,2557.4615384615386
C8482,3000.181818181818
C3258,1400.1
C6429,3017.5714285714284
C9520,2058.2727272727275
C6898,2236.6666666666665
C2999,3582.8
C8617,2876.6666666666665
C1591,1960.5625
C8818,2329.6666666666665
C5715,2193.0625
C5957,1944.2307692307693
C2092,2037.25
C3669,2409.625
C3492,2637.5384615384614
C8705,3100.8
C9430,2406.2
C9275,2469.0
C8898,1996.5333333333333
C6185,3145.0
C4340,2637.3333333333335
C7874,2120.35
C3277,1590.1
C7616,2818.3571428571427
C1674,2145.4166666666665
C2364,2875.0
C7896,3003.090909090909
C7406,2258.5714285714284
C9726,2260.875
C7436,2650.3846153846152
C2362,3192.4545454545455
C6959,2712.2
C6689,2983.125
C2827,2749.181818181818
C4917,2319.1111111111113
C3352,2235.25
C8749,2145.7272727272725
C5806,2623.4666666666667
C9412,2936.909090909091
C4530,2735.0476190476193
C2656,2999.076923076923
C5162,2956.5
C2317,1997.625
C7906,2370.090909090909
C4155,1935.5555555555557
C4607,1910.3636363636363
C8091,2113.3636363636365
C4116,1847.5
C4751,3608.6363636363635
C2526,1990.25
C8698,2510.0714285714284
C4586,1263.857142857143
C5914,2449.818181818182
C3344,2055.764705882353
C7700,2168.6666666666665
C6325,2918.3
C1889,1576.2
C6466,3327.6875
C2638,1853.0
C9913,2118.2
C3180,1729.2777777777778
C9373,3167.2
C8672,2124.2
C7592,2089.5
C9782,2524.9333333333334
C3756,2700.8571428571427
C5460,1441.3333333333333
C1336,2952.7
C1627,2919.0
C2603,2381.2727272727275
C3181,2479.1
C2390,2511.846153846154
C2387,2866.3333333333335
C1535,2467.1052631578946
C3451,2348.235294117647
C6665,3421.214285714286
C3365,3132.75
C3676,2426.4375
C4843,3009.375
C1792,2525.3333333333335
C5859,2542.818181818182
C2781,2325.153846153846
C5742,2192.9411764705883
C7109,2016.3333333333333
C9787,3046.0714285714284
C6612,2672.0
C8985,2627.5833333333335
C2665,2475.5
C4569,1742.75
C4173,3188.35
C7076,2849.285714285714
C3817,2038.8181818181818
C8257,3144.25
C1187,2293.470588235294
C6902,3255.9333333333334
C1004,1581.2727272727273
C8366,2355.1111111111113
C8871,2057.0
C1753,2235.722222222222
C1824,3487.5384615384614
C6132,1767.0
C6786,2277.2631578947367
C8876,2840.3846153846152
C3710,2423.3571428571427
C7722,2605.8333333333335
C6268,1575.0
C1146,3193.1111111111113
C9136,3519.7
C5652,2878.3333333333335
C2606,2425.3333333333335
C2798,2034.1666666666667
C4188,2794.6666666666665
C8128,2679.0
C1058,2675.75
C4631,2631.6923076923076
C2938,2598.3333333333335
C7434,2196.6363636363635
C5673,2365.9444444444443
C9700,3569.6470588235293
C2505,2891.4285714285716
C6332,3551.1111111111113
C2688,1594.8181818181818
C2195,2446.285714285714
C6096,2629.3571428571427
C1169,2326.4166666666665
C9925,2817.8
C7206,2373.7
C8903,3240.125
C2366,2045.1176470588234
C5716,1912.909090909091
C5004,2311.818181818182
C2816,2332.5789473684213
C2584,2054.0714285714284
C4666,2512.0
C4765,2479.277777777778
C8551,2427.8333333333335
C1461,1915.5625
C1318,2779.733333333333
C4989,2286.2
C3806,2287.818181818182
C5777,2023.3125
C9193,2806.0
C7445,2582.3333333333335
C1345,2514.230769230769
C9389,2004.3
C2418,2617.0
C9213,2345.25
C5827,1614.25
C6398,2961.214285714286
C5096,3196.3333333333335
C6320,3269.7
C6177,1499.2142857142858
C3404,2058.9166666666665
C7806,2165.4
C1903,2758.6
C4474,2735.076923076923
C7673,1537.375
C3039,2576.2
C1256,3473.714285714286
C2547,2288.3
C7285,2315.3333333333335
C7711,3164.4545454545455
C8008,2758.0
C9543,1731.0
C1726,2063.5
C5805,1911.2777777777778
C5504,2136.090909090909
C8367,1871.6923076923076
C2234,2060.1666666666665
C3460,2192.777777777778
C6261,2720.9285714285716
C6195,2295.5555555555557
C3481,2871.0
C4750,2565.529411764706
C7913,1575.2142857142858
C8029,2133.076923076923
C8676,1603.4545454545455
C3333,3730.5454545454545
C3954,2067.6923076923076
C6945,2501.5833333333335
C3636,2988.5625
C5775,3151.8
C9033,3058.9444444444443
C8362,2668.4166666666665
C7334,2604.9375
C7688,2861.6428571428573
C9335,2485.6666666666665
C8772,1797.1538461538462
C9425,2585.6153846153848
C1780,1882.857142857143
C1388,2125.6470588235293
C2689,2713.5625
C9570,1911.0
C6300,3054.6363636363635
C6571,1972.857142857143
C9343,2585.3
C5264,2148.214285714286
C9701,1987.5833333333333
C2168,2649.2380952380954
C6787,2899.5714285714284
C5749,2723.125
C8147,2945.0
C8916,2143.153846153846
C2524,3705.846153846154
C3982,2565.909090909091
C2422,3019.5333333333333
C2402,2916.3846153846152
C7647,3383.0833333333335
C4236,2299.75
C7307,1952.909090909091
C6477,2904.0625
C6150,2665.5
C6114,2793.076923076923
C3136,3416.777777777778
C8135,2611.1111111111113
C1806,3122.125
C6670,2146.6363636363635
C7127,3376.1428571428573
C2488,2371.5
C6310,3247.625
C2823,2276.7
C5854,3468.6666666666665
C3554,2395.1666666666665
C6054,1975.5882352941176
C3331,2624.0
C5662,2615.1666666666665
C1450,2986.5384615384614
C2639,2104.8125
C7750,3409.705882352941
C5838,2603.4
C8652,1832.375
C5237,2387.7894736842104
C3446,1973.3333333333333
C8759,4295.7692307692305
C3507,2017.0
C2222,2816.214285714286
C3559,2406.0
C3204,2120.6666666666665
C4478,1679.3333333333333
C9556,3590.375
C7820,2053.1052631578946
C6517,1994.4444444444443
C9626,2408.3636363636365
C3383,2501.909090909091
C7939,2676.5555555555557
C3641,4447.833333333333
C9297,2240.823529411765
C8552,2070.1666666666665
C7784,1906.9333333333334
C2311,2533.733333333333
C2167,2185.5
C9528,2345.8571428571427
C4610,2788.6666666666665
C8323,2375.85
C5584,1785.8235294117646
C4957,3190.777777777778
C6068,2192.3846153846152
C1660,2871.090909090909
C7938,2090.5384615384614
C8294,3113.714285714286
C7049,3982.8
C1193,3514.5454545454545
C4803,1773.25
C4914,2840.7
C5951,4185.2
C9219,1885.923076923077
C8421,1904.857142857143
C2453,2356.0
C8451,2580.3846153846152
C2593,2664.3076923076924
C8812,3192.2
C8349,2115.5555555555557
C3597,2185.9
C5267,2340.4285714285716
C9392,2466.4736842105262
C1280,2632.5384615384614
C1728,2465.3636363636365
C1341,3181.315789473684
C2417,2586.0
C3938,2673.769230769231
C7957,3353.909090909091
C5704,2361.25
C6964,1821.05
C8244,2376.625
C1468,2555.5833333333335
C6750,3428.25
C6281,2851.266666666667
C8074,1671.4285714285713
C2258,2402.6923076923076
C8327,1786.8125
C5499,2888.4666666666667
C8084,2485.6428571428573
C3883,2327.785714285714
C9884,1557.2142857142858
C4554,1954.8
C6108,3337.714285714286
C4936,3631.1
C6709,3735.1428571428573
C2627,2246.4666666666667
C1998,3090.076923076923
C5944,2681.0
C1051,1707.2857142857142
C7501,2535.3333333333335
C2405,1748.1333333333334
C7936,1452.25
C2847,2637.8
C5820,3004.076923076923
C7888,2467.9444444444443
C7197,1806.25
C5893,2205.5
C5260,2259.9375
C7244,2167.785714285714
C5033,2955.625
C5231,2465.0
C4768,2414.125
C5726,2927.4166666666665
C6556,2515.0
C1527,2044.2
C3728,2334.818181818182
C3337,2425.5
C3585,3244.7
C4194,1985.142857142857
C5856,3794.5555555555557
C4371,2970.4117647058824
C4580,2561.8125
C4722,2616.5
C8764,2762.315789473684
C5842,2962.4
C6685,2385.1176470588234
C4638,2033.3846153846155
C6992,1681.923076923077
C7542,2266.3846153846152
C7446,2369.7
C7811,3232.266666666667
C2319,2374.25
C1312,2049.818181818182
C8745,1204.4545454545455
C3170,1859.7777777777778
C6003,3253.4
C2946,3352.6666666666665
C6339,3292.4375
C7226,3463.277777777778
C5992,2537.9285714285716
C1568,2135.090909090909
C9833,2445.0
C7107,1967.1666666666667
C6410,2555.214285714286
C9559,2292.4285714285716
C5438,2301.0
C1204,3046.4615384615386
C3083,3052.125
C6897,3030.076923076923
C2217,3620.5
C2713,2282.8
C8335,2233.5
C5543,2936.4117647058824
C1646,2069.9375
C7137,2913.625
C2735,3099.3333333333335
C6468,2774.529411764706
C8256,2566.8333333333335
C3472,2076.0
C2889,2348.3846153846152
C5002,2420.2
C4709,2880.6666666666665
C2056,1506.9
C9448,2733.4285714285716
C4100,2639.0
C6351,2870.5789473684213
C1179,3197.076923076923
C5014,2649.1
C7953,2507.8
C6275,4447.75
C3566,2428.153846153846
C8109,2351.0
C7652,2221.0714285714284
C1291,2775.5333333333333
C7278,2003.6875
C1293,2618.785714285714
C8555,2866.8
C8331,2783.5384615384614
C9353,2968.0625
C9928,2140.0
C7158,1975.6923076923076
C3158,1495.0
C2915,2360.1875
C5299,2143.4285714285716
C8282,2996.181818181818
C2809,2221.5625
C8525,1879.3333333333333
C1964,2748.076923076923
C4162,2977.3846153846152
C2209,2853.714285714286
C4009,2731.125
C2153,3308.153846153846
C6161,3200.266666666667
C5095,1501.4615384615386
C6977,3304.214285714286
C5085,2923.0
C5086,3370.5384615384614
C6795,1872.5384615384614
C5449,2384.2105263157896
C3807,3056.3888888888887
C7237,2422.866666666667
C7952,2088.2
C2284,2249.2
C4357,2280.8333333333335
C2328,3060.222222222222
C1344,2061.8333333333335
C4629,2944.5
C8915,2169.8125
C6996,2450.0625
C4174,1993.4
C4329,2509.875
C8860,1025.3333333333333
C8636,2044.4545454545455
C3726,2583.6428571428573
C9076,3611.65
C3268,2980.181818181818
C5642,2386.05
C7078,3066.65
C7484,2691.8823529411766
C4746,2746.6
C8152,2921.625
C2685,2839.6666666666665
C7677,2074.529411764706
C8554,2647.294117647059
C3257,3237.0833333333335
C2480,2633.294117647059
C4310,2772.0
C3290,2181.8125
C5907,2275.6
C4832,4874.333333333333
C1635,1828.0
C8252,2573.181818181818
C6561,2220.6111111111113
C5276,2452.5625
C4465,1981.8333333333333
C4486,1653.4
C6458,3378.3571428571427
C3635,2523.4
C2583,2407.8333333333335
C9039,3351.176470588235
C6662,2021.3
C8746,2895.4
C7108,2165.0
C4784,2380.3888888888887
C5509,2595.8125
C2386,2439.6875
C7421,2789.076923076923
C4244,1908.3846153846155
C6771,2337.8571428571427
C7255,1975.7692307692307
C3286,2988.777777777778
C9548,2419.3333333333335
C3715,1873.7272727272727
C9578,2688.214285714286
C2046,2147.0
C1497,1641.5
C4251,3680.4
C2951,1341.5454545454545
C8253,2749.8
C3790,2449.75
C2149,3530.090909090909
C6583,3247.4444444444443
C4078,2670.4444444444443
C6909,2309.875
C1835,3046.0
C8365,3106.2
C8790,3033.818181818182
C4365,1851.6363636363637
C1942,2554.5714285714284
C5841,2595.5384615384614
C3810,2126.0
C1551,1828.111111111111
C2063,2949.9166666666665
C6598,2988.7272727272725
C2541,1860.857142857143
C9923,1855.4
C2837,3896.769230769231
C7971,2151.625
C6050,2235.9444444444443
C3059,2638.25
C4135,2482.4615384615386
C7877,2715.05
C5656,2395.1428571428573
C7171,1436.7692307692307
C6203,3098.6923076923076
C6124,1698.4
C6328,2229.0
C1510,2349.705882352941
C6487,2740.5454545454545
C6486,3059.5555555555557
C8605,3078.0833333333335
C2569,3006.5714285714284
C2697,2477.3333333333335
C1007,2619.0
C6423,1887.8333333333333
C6733,1857.3076923076924
C5397,2370.6923076923076
C1054,2376.722222222222
C2136,2069.8571428571427
C4565,3375.0
C6942,1930.0
C2605,2740.285714285714
C5921,1835.8333333333333
C3254,2231.5454545454545
C6632,2197.7272727272725
C5925,2190.5
C2934,3693.181818181818
C4912,2404.1428571428573
C7644,2647.6666666666665
C2337,2642.0
C7849,3043.5384615384614
C5309,2243.5384615384614
C4366,2146.125
C2621,3260.153846153846
C8018,2651.714285714286
C8734,2280.0
C2896,1956.375
C3542,1775.8333333333333
C1319,1900.7857142857142
C5144,3782.0
C6917,3171.9166666666665
C8677,1880.0
C1155,2728.181818181818
C8121,1826.5
C1904,2076.222222222222
C5348,2075.1666666666665
C2250,2666.0
C7472,2556.6923076923076
C3063,2686.076923076923
C3237,2963.4
C3191,3319.777777777778
C2841,1452.923076923077
C5244,3575.6363636363635
C6070,2339.0
C9868,2141.4
C5027,1853.4285714285713
C5696,1176.3333333333333
C5303,3224.75
C4579,3153.5384615384614
C1653,1791.3846153846155
C4402,2230.6470588235293
C4417,2461.3571428571427
C5188,2683.5555555555557
C9672,3023.1
C9793,2661.1111111111113
C7552,2572.714285714286
C6870,2308.090909090909
C1338,1982.75
C5500,2958.7272727272725
C2552,3358.733333333333
C3298,1720.842105263158
C8078,2433.222222222222
C4799,2361.133333333333
C8492,2922.1428571428573
C7065,1943.8181818181818
C9589,2872.3125
C7456,2532.75
C1800,1581.1538461538462
C7572,2496.181818181818
C4181,2471.9411764705883
C5072,2289.9375
C9285,2193.181818181818
C3232,1729.8333333333333
C6158,3027.5833333333335
C7992,3200.923076923077
C3770,1845.5
C8142,3019.3846153846152
C8947,1128.625
C8441,1977.9
C4886,2278.1428571428573
C7799,3008.9166666666665
C4219,2759.5555555555557
C4157,3264.0
C4307,3272.25
C1650,3487.818181818182
C3395,4185.363636363636
C4255,2171.6666666666665
C8026,3185.6666666666665
C6444,3217.6666666666665
C3461,3419.125
C1241,1475.0
C7821,2006.6153846153845
C8233,2950.2727272727275
C5020,2205.7368421052633
C9542,3297.375
C9119,2646.6666666666665
C4172,2249.25
C3706,2776.5384615384614
C3498,3117.1428571428573
C2429,2523.823529411765
C6260,2263.153846153846
C6972,2984.4444444444443
C3516,3047.0
C4556,2442.4545454545455
C1178,2277.5
C9836,2097.4444444444443
C1487,1064.090909090909
C1027,3110.0
C1607,2096.6923076923076
C8855,2280.8571428571427
C6435,3002.5789473684213
C7924,1577.1818181818182
C7033,3059.3076923076924
C6764,1828.0
C4410,2740.4166666666665
C1374,3223.4615384615386
C8980,2673.3333333333335
C2029,2585.8571428571427
C1883,3296.6
C2345,1225.8181818181818
C8333,3234.1428571428573
C1531,2726.0833333333335
C3517,3430.625
C7966,2621.0
C7608,2927.3333333333335
C8996,2419.3
C4692,1603.2
C4079,4027.8333333333335
C7730,1674.8333333333333
C3802,2396.3846153846152
C6378,1463.7692307692307
C5524,2863.8333333333335
C4856,1997.5454545454545
C4683,1795.6666666666667
C7776,2389.733333333333
C3271,2032.0
C6488,3272.5333333333333
C8894,2027.1818181818182
C9647,1819.1176470588234
C8735,2309.6
C1799,2577.714285714286
C4745,2240.1428571428573
C8260,3594.0
C8702,2588.529411764706
C8725,1959.0
C3629,2913.25
C6452,2254.0
C6957,2674.7
C2520,2771.722222222222
C9566,2089.3571428571427
C5473,3967.375
C7336,2440.3333333333335
C6315,3135.785714285714
C4926,3402.875
C7227,1694.0
C6901,2950.9375
C8626,1779.4444444444443
C2227,3092.8333333333335
C6520,2855.8
C7191,2248.277777777778
C9751,2517.1428571428573
C4184,3417.2
C1366,2525.0
C8082,3286.5833333333335
C8215,1624.1818181818182
C7144,2317.4545454545455
C8549,2464.4545454545455
C8129,3331.5882352941176
C9446,1867.3636363636363
C1229,2816.2
C4057,2224.875
C6790,2776.2727272727275
C1339,2772.222222222222
C6395,2945.375
C1610,2461.5384615384614
C1402,2581.9166666666665
C1247,2469.153846153846
C3366,2045.7142857142858
C7207,2486.5714285714284
C4477,2906.25
C4736,2606.8
C5324,2379.2631578947367
C3991,1792.923076923077
C2035,1994.076923076923
C7130,2313.6
C3293,1795.7857142857142
C6093,2298.4
C8606,2349.266666666667
C6340,2705.1875
C2844,2514.4166666666665
C2918,1766.3076923076924
C8619,2716.4545454545455
C1277,2536.153846153846
C7613,2168.3333333333335
C6932,2339.4
C3571,2472.5333333333333
C2835,1894.9
C4850,2737.277777777778
C3589,2592.0
C5168,3344.0
C8496,2856.0714285714284
C7610,2025.1666666666667
C6545,2253.25
C7853,2778.5714285714284
C3681,2578.090909090909
C5038,1480.2
C1236,1925.3
C9976,889.75
C3473,2842.4
C4809,1844.0
C6102,1825.2857142857142
C2815,2785.230769230769
C8317,2631.222222222222
C5454,1727.8
C5953,1785.2631578947369
C4051,2115.3571428571427
C6493,1746.8333333333333
C3145,2619.222222222222
C8272,2297.823529411765
C2115,2712.3333333333335
C8494,2815.125
C7538,2335.5714285714284
C3592,3065.4615384615386
C3296,2376.6666666666665
C7660,2415.181818181818
C8921,2974.125
C9397,2895.222222222222
C8598,2415.8
C1039,1444.6
C4459,2835.0833333333335
C4585,2088.3636363636365
C4538,2676.25
C4801,2190.909090909091
C6613,1732.8947368421052
C1564,3061.3333333333335
C5863,1709.0
C2373,2835.6470588235293
C5563,2826.3
C4867,2131.7272727272725
C6237,2632.230769230769
C4339,2595.176470588235
C6043,2557.4444444444443
C3108,2289.75
C5869,3641.375
C5364,2379.875
C2312,2611.3
C5770,2446.1
C9655,1867.0
C9549,2640.846153846154
C1968,2534.222222222222
C1673,2267.6363636363635
C8550,2471.7272727272725
C8309,1814.2666666666667
C7143,1969.6666666666667
C4826,2050.0
C7993,3111.1111111111113
C1981,2197.9545454545455
C7932,2167.25
C6286,3030.0555555555557
C3347,2376.0
C7808,2832.75
C8601,2716.866666666667
C1415,2231.909090909091
C4992,2489.0
C5360,2622.1666666666665
C9328,2658.6666666666665
C9319,1659.3333333333333
C6757,2567.3125
C7841,2611.714285714286
C2356,2809.875
C7770,2014.3333333333333
C4994,2494.1176470588234
C3595,2711.625
C3313,1259.75
C7056,2545.8
C6498,1832.6
C4553,2911.8
C8246,2309.0
C3089,3307.8823529411766
C2499,3062.3076923076924
C8901,1293.3
C9735,2385.090909090909
C6058,2896.3636363636365
C4811,2215.733333333333
C7099,2241.5625
C1398,2774.75
C6361,2332.75
C2221,3258.4117647058824
C6217,2842.4545454545455
C4196,2237.3
C4512,2003.6363636363637
C3179,3185.8333333333335
C1530,2457.181818181818
C1403,2679.0
C3816,3185.923076923077
C6393,2593.125
C4246,2933.3333333333335
C9289,2609.214285714286
C6164,2351.6666666666665
C3869,2288.230769230769
C8245,2822.9166666666665
C1592,1428.5
C9284,2994.3684210526317
C3757,2924.6666666666665
C3815,1713.2307692307693
C6279,2879.8823529411766
C1228,3366.5714285714284
C5023,1994.5384615384614
C6010,1931.5
C1639,2586.9
C6581,2373.6
C8620,2681.25
C6537,2566.75
C1956,1749.2727272727273
C6658,2234.294117647059
C6638,2699.6470588235293
C4475,2911.6923076923076
C3772,2201.3125
C3828,2563.846153846154
C9633,1806.9
C9837,2719.0
C3284,3912.1666666666665
C4710,1927.25
C1022,2654.4444444444443
C1687,2516.75
C6770,2875.3
C2686,2341.785714285714
C2528,2339.8823529411766
C2565,2346.214285714286
C8864,3092.769230769231
C6179,1813.3
C5853,2383.5
C5070,2700.4545454545455
C5744,2583.9
C3730,3478.6153846153848
C6840,1459.3
C1906,2801.785714285714
C2922,2095.266666666667
C2306,2425.1
C1475,1827.0833333333333
C4056,2196.5
C2174,2955.0
C5546,1682.857142857143
C1537,2933.75
C2071,1642.375
C1094,2983.4615384615386
C4028,3010.5
C7170,2227.285714285714
C6022,3040.176470588235
C3292,2393.9523809523807
C5530,1800.1666666666667
C9996,1857.4166666666667
C6876,2525.909090909091
C9184,2973.0714285714284
C5415,2308.9166666666665
C8292,2667.1428571428573
C4762,2584.1111111111113
C6827,2038.0
C1082,2381.923076923077
C3522,2860.846153846154
C8792,3108.266666666667
C1025,1783.6923076923076
C9723,3028.4615384615386
C8293,2019.642857142857
C8951,3689.1428571428573
C5135,2762.7894736842104
C9912,2264.4
C2468,2939.3333333333335
C2394,2102.4
C3294,2311.5833333333335
C8736,2065.4444444444443
C7045,2410.0
C4841,1885.0833333333333
C9564,2172.153846153846
C9585,1869.2857142857142
C2620,2295.0
C9337,2504.1111111111113
C4121,2553.777777777778
C1206,2731.5
C7067,2268.2
C4696,1808.111111111111
C4605,2312.875
C8771,2477.4545454545455
C6235,1335.357142857143
C8059,2304.1176470588234
C7353,3103.5
C7554,2257.3846153846152
C2076,3334.9444444444443
C9105,1745.6153846153845
C5883,1649.888888888889
C1380,2344.3529411764707
C4807,1818.2307692307693
C9032,1821.7777777777778
C5768,2400.846153846154
C5947,2414.4285714285716
C2604,3045.0
C9307,2833.9333333333334
C7974,2538.4444444444443
C4853,2500.8888888888887
C5129,2543.6470588235293
C3221,2267.7
C4805,1744.0
C8712,3648.6428571428573
C6993,2416.846153846154
C2522,2472.4285714285716
C3520,2559.0
C1214,2728.705882352941
C8700,1930.0
C6381,1672.0
C9243,2567.4
C9946,1650.05
C9764,2563.6363636363635
C9739,2439.4
C8992,2771.3888888888887
C2973,2135.769230769231
C3971,2160.285714285714
C4198,2970.7272727272725
C2653,3437.5454545454545
C2247,1915.5714285714287
C5108,2828.1666666666665
C4837,2864.5454545454545
C8486,2393.1052631578946
C3739,3093.9444444444443
C9834,2451.5714285714284
C5915,1179.0833333333333
C6062,1527.5833333333333
C9273,1624.888888888889
C1869,2737.8
C7422,2610.2
C1078,2186.777777777778
C1645,2409.5625
C2949,2248.3076923076924
C6389,2465.0
C7125,1607.5384615384614
C1731,2896.3
C7997,3451.7619047619046
C8437,2705.8571428571427
C9558,1796.6666666666667
C1478,3031.5882352941176
C2315,2224.8
C4719,2241.875
C3421,2958.4166666666665
C3494,3213.4444444444443
C9931,1347.0
C7277,2874.8333333333335
C9016,2110.5
C4620,3679.5
C7632,2575.909090909091
C6627,3043.9
C4557,2339.7
C2471,2257.214285714286
C4893,1693.0588235294117
C2186,3067.25
C1838,2704.6363636363635
C3575,1842.0
C6159,1415.7
C3418,2170.285714285714
C4370,1999.6923076923076
C4820,3617.714285714286
C5804,2025.857142857143
C6935,1966.2
C2288,2624.0
C7540,2724.5
C4011,2669.75
C8480,3219.1176470588234
C8656,2445.3125
C9934,1995.0666666666666
C9759,2406.846153846154
C8445,1710.6666666666667
C9860,2245.0
C8650,2171.866666666667
C8372,2144.3333333333335
C9623,2506.181818181818
C3030,1648.6
C4148,2024.9333333333334
C5905,3726.8125
C2747,2965.909090909091
C8194,1977.8461538461538
C9097,1929.2857142857142
C9614,2491.5555555555557
C2635,3059.0625
C7609,3435.5
C6299,2986.5882352941176
C6797,2206.823529411765
C6353,1556.1538461538462
C3398,1404.8181818181818
C1722,2897.0
C5959,1973.5555555555557
C1139,3251.4285714285716
C7627,1693.25
C8688,2410.923076923077
C7165,2302.3333333333335
C1886,1401.5384615384614
C4400,1626.888888888889
C5774,2685.9285714285716
C2590,1699.8
C9594,2933.909090909091
C8100,2320.1176470588234
C3034,2721.714285714286
C7881,2457.1111111111113
C3088,2872.470588235294
C8868,2521.0
C5665,1459.9
C9620,2653.5
C1183,2521.764705882353
C3300,2876.4166666666665
C4085,2250.8333333333335
C6089,1912.8125
C4089,2463.5555555555557
C2596,1616.357142857143
C3992,3052.4736842105262
C7122,1814.095238095238
C4813,2333.3333333333335
C9355,2034.076923076923
C8198,2569.785714285714
C1664,2809.9166666666665
C6938,2527.4545454545455
C4680,2554.5
C2935,2214.0
C5380,3287.0
C6357,1308.142857142857
C6834,2163.3846153846152
C7133,1885.4285714285713
C8203,3151.3846153846152
C9258,2130.8
C5293,3225.3333333333335
C5980,2924.785714285714
C8501,2428.6875
C9145,2791.1111111111113
C7607,2077.235294117647
C4476,2410.9411764705883
C5678,2206.625
C1012,3034.2
C2787,2743.875
C9169,3119.733333333333
C3621,2149.4166666666665
C1988,3100.8823529411766
C9639,2605.4
C2070,2387.529411764706
C9526,3129.5555555555557
C7168,2666.8
C1253,2402.1
C6018,2614.125
C3994,2040.5294117647059
C5337,2223.1666666666665
C8153,2821.181818181818
C6166,1741.7777777777778
C1890,3052.4444444444443
C8507,2552.785714285714
C1295,2945.285714285714
C1927,2095.9444444444443
C7943,2825.5625
C4309,2679.5833333333335
C5692,2445.5555555555557
C5210,1825.7142857142858
C2101,2633.2105263157896
C4030,2299.3333333333335
C2464,2349.285714285714
C7708,3162.75
C2363,2718.8333333333335
C4967,2380.0
C5326,1521.5
C7163,2032.3333333333333
C8811,2464.0
C6601,3243.75
C4619,1930.6666666666667
C3244,3184.0
C5833,1988.0
C6511,2472.909090909091
C5908,2091.3
C7915,1459.2727272727273
C6911,2187.5
C1411,2571.285714285714
C5379,2156.1052631578946
C9873,2146.625
C4378,2465.785714285714
C3111,2327.705882352941
C7606,2002.25
C5945,2864.8333333333335
C8924,3125.0714285714284
C3931,2363.3333333333335
C3539,2434.3
C6176,2292.0526315789475
C5423,1595.857142857143
C4304,3357.2105263157896
C2470,2475.285714285714
C8028,2485.25
C4455,3112.375
C9796,3176.375
C8596,3707.6
C2708,2754.230769230769
C2106,2512.7368421052633
C6781,2366.769230769231
C1205,2665.6363636363635
C2310,1837.888888888889
C4013,2482.4375
C7959,1506.4444444444443
C5190,2297.153846153846
C2958,3866.2727272727275
C8613,2500.25
C2159,3191.5333333333333
C7890,2380.875
C1330,2338.0
C6098,1867.3846153846155
C4091,2807.0
C6414,3002.0
C2269,1852.1875
C5982,3201.6363636363635
C9177,2201.3571428571427
C7044,2663.5384615384614
C1825,3270.125
C2239,2162.5
C1616,2068.25
C3080,3413.8888888888887
C6565,2860.0714285714284
C7852,2980.3846153846152
C8886,3658.625
C7450,2623.3636363636365
C7089,2208.9444444444443
C8793,3509.6363636363635
C6564,2712.4666666666667
C8545,2591.8571428571427
C9134,1963.857142857143
C7358,2238.529411764706
C2273,2562.7272727272725
C2083,3110.133333333333
C6855,2240.0
C1302,2541.153846153846
C4380,2610.3333333333335
C5246,2894.714285714286
C5625,2360.5789473684213
C4012,3107.125
C5094,1304.5384615384614
C2175,2705.777777777778
C6004,2634.2
C9063,3405.3333333333335
C6494,2239.222222222222
C2397,2412.625
C8504,3142.0
C4185,2533.722222222222
C6009,3273.5625
C1931,3506.0714285714284
C4960,2432.5
C4833,3349.090909090909
C7757,2789.0
C5503,2146.5833333333335
C7297,3437.625
C1434,2569.625
C2486,1725.5
C4080,3628.2727272727275
C6615,2632.9333333333334
C5534,2125.0
C7805,2479.25
C3114,2732.1666666666665
C3833,2338.5
C2690,1987.909090909091
C7779,2531.846153846154
C7668,2704.5384615384614
C2181,2773.125
C2658,2862.4
C6505,3586.5
C3183,2186.0
C2154,2821.9
C9453,2593.214285714286
C3155,2594.5454545454545
C2439,3272.777777777778
C9935,2859.8571428571427
C5818,2840.3333333333335
C2004,2067.090909090909
C2762,1816.888888888889
C5590,2299.4117647058824
C6333,2166.9
C3020,2737.3333333333335
C6370,2131.222222222222
C7919,2926.125
C2077,2763.4285714285716
C5166,1192.4444444444443
C8325,3667.375
C4816,2030.1818181818182
C4573,2652.4285714285716
C4609,2427.0
C5828,2075.5
C8324,1933.3333333333333
C1807,3765.7368421052633
C5631,2319.25
C1971,2866.2727272727275
C9279,3456.0
C8770,3269.1111111111113
C2987,2181.8333333333335
C7294,2911.8125
C5319,2677.285714285714
C1315,2440.875
C9695,2348.6666666666665
C9669,1652.6153846153845
C7096,1457.3
C7301,1998.75
C3906,1599.7777777777778
C9797,2283.8
C7494,2723.4615384615386
C9029,2372.277777777778
C6026,2657.5
C9059,2611.733333333333
C7050,2606.4444444444443
C4134,1060.25
C3880,2562.5384615384614
C4715,2477.0625
C6655,2950.0
C2654,2976.923076923077
C4906,2871.5
C2061,2531.866666666667
C3008,3091.3076923076924
C2750,2760.6666666666665
C1528,1996.0666666666666
C3964,2820.5
C2745,2256.6
C3269,2618.7
C4139,2208.8333333333335
C7448,2783.818181818182
C7376,2579.3333333333335
C9152,2468.875
C1718,2317.1052631578946
C5126,1560.3076923076924
C8076,2124.9
C3692,2335.0
C1390,2203.25
C7465,2211.733333333333
C3998,2789.3076923076924
C5558,2258.8571428571427
C1851,2613.6666666666665
C8062,2617.2380952380954
C9455,1814.3125
C3511,2666.909090909091
C8352,3092.2
C7802,2088.6
C7178,2860.2
C1223,2486.5833333333335
C9540,1960.0
C8373,1735.5454545454545
C7961,1910.0
C1555,2042.2857142857142
C4630,2145.923076923077
C7901,3344.0833333333335
C4993,2226.818181818182
C9870,2222.25
C4160,2581.2
C4938,2034.5
C8509,1931.625
C9650,2982.8
C3988,2115.214285714286
C3875,2846.5384615384614
C9291,2214.4166666666665
C7676,1903.3333333333333
C4563,2639.181818181818
C8819,2307.1428571428573
C2424,2861.8823529411766
C6647,1808.7272727272727
C9606,2398.6875
C8844,3891.0
C4873,2619.6363636363635
C1378,2374.1176470588234
C6479,1753.142857142857
C9114,2810.1052631578946
C7005,1226.0
C2135,1578.2
C8042,2379.285714285714
C8161,3858.5454545454545
C8940,2957.0
C7368,4058.2
C5424,2573.5555555555557
C3958,2459.5882352941176
C3431,1877.142857142857
C7561,3839.909090909091
C3052,1993.2307692307693
C3704,2175.3636363636365
C2523,2208.9
C5802,2100.222222222222
C8502,2567.0625
C1702,1571.2307692307693
C4315,2939.5555555555557
C8801,2654.769230769231
C1679,2427.153846153846
C8423,2615.7
C2447,3259.785714285714
C1865,2016.4444444444443
C1421,2334.7272727272725
C7476,2351.4166666666665
C2329,2510.5
C6751,2828.866666666667
C6071,2632.133333333333
C5146,3129.8571428571427
C3484,2215.1176470588234
C6659,1762.25
C3801,2310.222222222222
C8220,2475.3125
C4016,2845.0
C8836,2817.6666666666665
C2916,3381.785714285714
C6541,2373.6
C4678,2573.230769230769
C6313,2975.733333333333
C3391,2291.6666666666665
C3871,2907.222222222222
C4703,2952.6666666666665
C8742,2000.5
C7962,2839.0
C1719,2557.846153846154
C7635,2820.5
C1123,3395.6666666666665
C9510,2131.5625
C4685,2541.6666666666665
C9703,2612.6363636363635
C8766,1983.090909090909
C2769,1585.5
C5564,1312.6363636363637
C1261,3778.4
C8467,2379.0
C9855,2872.4
C8044,3455.6
C7400,2169.1428571428573
C5025,1791.076923076923
C5674,2265.3333333333335
C6798,2108.1666666666665
C7405,2293.0625
C8908,2409.6923076923076
C6453,2632.4444444444443
C6028,2816.3529411764707
C6234,2510.1875
C7112,2695.75
C8918,3450.0
C2314,2179.8
C4759,2820.818181818182
C8428,2610.3846153846152
C2059,2576.3846153846152
C2104,2240.3333333333335
C8891,2074.0
C4221,2776.5
C5916,3418.0588235294117
C6987,2199.230769230769
C5207,2582.153846153846
C3095,3001.9166666666665
C4827,2401.1428571428573
C5124,1626.4444444444443
C5295,3017.6923076923076
C4005,2448.6666666666665
C1335,3285.5833333333335
C7059,2630.181818181818
C9377,2893.777777777778
C8450,3032.9
C1326,1865.7333333333333
C7423,2479.0
C3433,2790.0476190476193
C8695,2707.6153846153848
C7419,2024.1538461538462
C2885,3470.0
C1217,2551.3846153846152
C4648,3797.214285714286
C2997,1926.7142857142858
C8964,1484.6153846153845
C1397,2206.0
C7196,2452.8888888888887
C5251,2618.222222222222
C9120,3328.5
C1782,2384.0
C1233,2695.6363636363635
C6925,2423.4117647058824
C4955,2505.0555555555557
C9348,2512.0
C8025,2775.8
C1866,2675.153846153846
C5407,3823.4166666666665
C4828,3664.7272727272725
C8763,2940.3125
C1191,2617.1
C5451,2595.7368421052633
C8955,1997.0
C6910,2855.684210526316
C9582,2140.6666666666665
C5355,3475.0
C6006,2648.1428571428573
C9092,2641.8333333333335
C7845,2357.5384615384614
C5378,1998.5454545454545
C3196,2546.5
C8513,3510.5
C8089,3016.4615384615386
C2257,1950.4666666666667
C8900,2207.5
C7605,2178.0
C1418,1771.142857142857
C1874,2803.3333333333335
C1620,3165.785714285714
C4777,2618.909090909091
C1678,3023.6
C7203,2006.6666666666667
C8211,2839.5833333333335
C3260,2980.0
C4732,3095.9375
C2941,3619.1666666666665
C8458,2333.6923076923076
C9216,1766.7272727272727
C5825,2973.529411764706
C9417,2010.0
C1772,2099.733333333333
C3448,3927.133333333333
C5549,1917.1666666666667
C6272,2528.846153846154
C6330,2270.1428571428573
C2008,2773.714285714286
C8993,2950.25
C6769,2471.7
C8577,2403.157894736842
C4785,1847.9166666666667
C1188,2882.1428571428573
C8334,1687.5833333333333
C3755,2442.6875
C8988,3112.6923076923076
C1441,3577.875
C9525,1395.8181818181818
C1841,2204.8125
C6728,2247.4285714285716
C2391,1600.6666666666667
C9108,2585.25
C6763,3091.6153846153848
C2509,2446.181818181818
C8721,3021.0
C9632,2792.7
C6948,3413.3571428571427
C4688,2675.0
C9653,2375.0
C5985,1816.1538461538462
C7530,2772.470588235294
C4788,1922.3333333333333
C9839,1545.7692307692307
C7989,2388.5714285714284
C3374,2239.846153846154
C8561,3098.777777777778
C3639,4084.222222222222
C6890,3090.0
C1303,2197.090909090909
C4613,2533.6875
C1765,2581.923076923077
C4693,2623.0
C8102,2711.733333333333
C8072,1316.0
C8164,3760.3
C1580,3410.090909090909
C3430,3783.75
C8318,2132.6363636363635
C1311,2859.5
C5390,1855.8461538461538
C4113,1971.4
C9042,3138.4
C8449,2724.733333333333
C4618,3547.9
C3195,2351.5333333333333
C4584,2277.15
C7674,2819.4
C2015,1738.0625
C7954,1521.3
C8553,2244.6666666666665
C3408,2327.3333333333335
C5455,1579.25
C8548,2287.909090909091
C9041,2482.6
C3648,2456.5
C4896,2645.0
C8328,2455.0
C8883,2387.4
C5895,3055.3125
C3123,2907.777777777778
C6035,2251.909090909091
C9973,2493.181818181818
C1317,2355.75
C6291,2768.5333333333333
C7478,2687.8888888888887
C4652,2002.9545454545455
C7670,3322.6428571428573
C4109,2243.733333333333
C5140,2134.3529411764707
C3731,2865.0
C3215,2607.0555555555557
C8674,1689.090909090909
C2540,2786.2727272727275
C2897,2315.6190476190477
C9403,2545.3333333333335
C3908,1212.2727272727273
C3967,2205.153846153846
C1084,1943.5
C7651,2969.1875
C6446,2046.5384615384614
C1816,2170.769230769231
C9665,2707.8333333333335
C2143,2286.5
C3850,2760.8333333333335
C8671,3106.090909090909
C1563,2344.5555555555557
C7739,1710.5
C7397,2388.470588235294
C3356,3650.75
C6304,3418.4545454545455
C2011,2588.4444444444443
C2308,2131.7272727272725
C3319,1884.3333333333333
C5807,2494.3333333333335
C5012,2375.7272727272725
C3609,2783.9285714285716
C1928,2052.904761904762
C8939,2150.6470588235293
C9611,1722.7857142857142
C1517,2223.75
C2245,2549.35
C3148,2025.8095238095239
C6245,2378.5882352941176
C5441,3118.45
C4178,1567.0
C1715,2655.0
C3018,2129.625
C5912,2413.4545454545455
C4319,2295.4166666666665
C8615,2307.9285714285716
C7817,2847.222222222222
C9547,2582.3125
C4684,2278.866666666667
C7145,2528.125
C3087,1477.8666666666666
C8083,3411.3333333333335
C6531,1973.4
C3239,2168.1666666666665
C6611,1484.909090909091
C1761,3557.875
C1936,2073.5
C7645,2836.9
C2945,2728.7272727272725
C5691,2645.5454545454545
C9952,1961.5555555555557
C5796,3759.1111111111113
C8526,2458.6428571428573
C8391,2517.5454545454545
C1676,2938.5
C5575,1887.3636363636363
C6618,1481.857142857143
C3699,2843.3846153846152
C7348,2360.9411764705883
C7634,2002.0
C5167,1773.6666666666667
C8201,2171.714285714286
C4233,3257.0
C8183,1520.75
C8399,2311.214285714286
C5049,2159.1428571428573
C6651,2474.214285714286
C1243,2194.5
C5281,3049.4285714285716
C5277,2874.214285714286
C1457,2493.0833333333335
C7515,2006.2
C5628,2453.0833333333335
C7273,2923.1666666666665
C6801,2693.3
C5253,1564.3076923076924
C7152,1413.4166666666667
C3543,2818.0476190476193
C9500,1727.2
C1667,2597.923076923077
C8005,3385.5384615384614
C7161,3702.5384615384614
C8361,2349.5384615384614
C6424,2429.6923076923076
C3689,2875.4736842105262
C2730,2434.8333333333335
C8466,1541.5555555555557
C6896,2242.5555555555557
C9475,2762.6666666666665
C8229,2885.222222222222
C4452,2351.6666666666665
C6968,2185.2
C5107,3011.8333333333335
C3504,2395.0588235294117
C9107,2408.5714285714284
C1463,1287.9166666666667
C2797,2385.9411764705883
C5663,3553.5384615384614
C7837,2818.625
C3837,2069.266666666667
C8136,1719.7
C1831,2901.076923076923
C6904,2141.6153846153848
C3569,2437.4375
C1140,3568.285714285714
C8995,1945.5454545454545
C4401,3276.75
C9521,3700.6
C6097,2973.5
C2871,3088.8
C3841,3108.0
C1763,3268.0
C7695,1517.0
C1340,3058.8
C8330,2537.684210526316
C8909,1779.25
C5372,3201.714285714286
C2283,924.8
C3549,2353.8
C4243,2456.5625
C7672,2629.2631578947367
C8124,1966.75
C3867,2657.75
C1850,1927.6666666666667
C8430,2430.133333333333
C3892,3711.8
C5995,2674.6428571428573
C1135,3034.3125
C7822,2803.8
C2833,2665.3125
C2010,2806.5
C2851,2695.777777777778
C5521,3214.3571428571427
C7602,1899.1818181818182
C6246,2129.777777777778
C7296,2777.5714285714284
C7398,2702.769230769231
C5823,2178.214285714286
C5952,2324.222222222222
C6544,3487.5
C4671,3609.923076923077
C7748,2209.8888888888887
C4995,2368.4285714285716
C3130,3061.3333333333335
C8542,2030.3333333333333
C3043,1895.9285714285713
C2601,2812.4545454545455
C7767,2018.8
C8267,2651.764705882353
C5437,3021.8333333333335
C5699,2023.8636363636363
C2793,1954.0
C1446,1987.1666666666667
C6099,2437.6666666666665
C9044,2381.777777777778
C9967,2020.7272727272727
C7047,2724.4
C8130,2907.6153846153848
C1423,3212.5333333333333
C1009,3325.0
C2849,2170.0
C9532,2469.818181818182
C6135,2941.7
C8415,2218.095238095238
C1681,3528.0833333333335
C8959,2524.5
C8023,2099.6428571428573
C6467,2137.2
C1132,3644.4117647058824
C9004,1734.888888888889
C5707,1584.2
C4281,3080.1176470588234
C4123,2161.777777777778
C9239,4034.6
C2564,2139.1428571428573
C2588,1879.0833333333333
C8261,2402.75
C6267,1990.6153846153845
C7491,2645.7
C7053,1955.3333333333333
C8134,1997.2222222222222
C6986,2857.1
C4859,3266.5384615384614
C4358,3519.3
C5632,1790.1666666666667
C1210,2722.705882352941
C2634,2034.7692307692307
C8804,2214.1428571428573
C4511,2734.2727272727275
C2641,1974.8333333333333
C6457,3101.0
C1376,2854.1666666666665
C5700,2574.8571428571427
C3236,3253.909090909091
C1916,2560.1428571428573
C2996,1627.6363636363637
C3301,1353.6875
C9734,1958.9166666666667
C1320,2789.3333333333335
C9249,2629.785714285714
C2681,2757.35
C8375,3553.4545454545455
C7965,2251.214285714286
C6553,2121.1428571428573
C4275,2449.9411764705883
C8665,2792.9
C5610,3404.75
C2718,2371.157894736842
C2082,3122.1
C9222,1651.4444444444443
C2592,2691.4545454545455
C2384,1523.4444444444443
C1347,3069.4
C9968,2788.0
C1518,2378.0833333333335
C1226,2025.6
C8432,1978.2307692307693
C5545,2656.8571428571427
C7814,1577.5714285714287
C6849,1947.0
C5650,1843.7692307692307
C7902,3968.1428571428573
C4282,2952.2
C4771,2149.0
C6691,2956.5454545454545
C9395,2762.6666666666665
C9161,1857.5882352941176
C9866,2201.2
C6053,2467.75
C2246,1357.25
C4890,2733.818181818182
C3674,2733.3846153846152
C5506,2878.0
C8066,2638.4615384615386
C2448,2941.3529411764707
C2280,2818.823529411765
C7631,3311.5833333333335
C4343,2650.9411764705883
C2179,2405.3076923076924
C8622,2102.8888888888887
C4862,2035.111111111111
C6181,2104.818181818182
C6783,2685.777777777778
C6538,2619.5384615384614
C9694,2591.842105263158
C3572,2073.9333333333334
C1121,2991.6315789473683
C2651,3291.0
C5115,2553.722222222222
C7356,1939.5
C3377,2481.285714285714
C9656,2351.8823529411766
C2976,2801.9285714285716
C6747,3639.0
C4249,1555.3846153846155
C8865,2212.285714285714
C3328,4186.076923076923
C5330,2549.5454545454545
C2436,2761.6666666666665
C7267,2182.3846153846152
C5111,2257.5
C4077,3067.9285714285716
C6694,1676.625
C3382,3572.714285714286
C1652,2930.846153846154
C9117,2797.315789473684
C2194,2317.8888888888887
C6461,2518.0
C3567,2769.1428571428573
C3113,3427.25
C3732,1245.3333333333333
C2294,2345.6923076923076
C6831,1456.7777777777778
C4739,2101.625
C9246,2863.294117647059
C2113,2508.0
C9410,2980.090909090909
C6374,2343.0
C6008,2187.375
C4084,2444.125
C8975,2180.846153846154
C5771,1913.0
C7097,2038.0833333333333
C8388,2589.8333333333335
C6409,2442.9333333333334
C6128,3466.3846153846152
C7588,2250.470588235294
C7795,2059.6666666666665
C8942,2169.1666666666665
C3688,1976.4166666666667
C7788,2037.111111111111
C6674,1519.642857142857
C6352,3258.0
C8295,1415.0
C3302,2936.470588235294
C3321,2234.0555555555557
C6609,2704.6666666666665
C6149,2016.6923076923076
C5491,3201.2
C5647,1797.4166666666667
C3599,3218.3333333333335
C2223,2036.6666666666667
C1708,2602.4285714285716
C4637,2462.0
C1342,2022.1333333333334
C3751,2283.769230769231
C9742,2297.0
C4948,2075.7272727272725
C6130,2113.6153846153848
C2003,2829.0
C5015,2056.230769230769
C4988,3467.0
C1306,2473.3076923076924
C9147,2275.5714285714284
C6251,2302.5454545454545
C7264,2732.4545454545455
C9293,3185.4285714285716
C2860,2249.6
C4558,1957.1666666666667
C9492,3151.3571428571427
C4733,3072.3333333333335
C1896,2406.5454545454545
C7289,1529.2727272727273
C5557,2546.5384615384614
C7575,2408.0
C3168,2046.6666666666667
C6343,1736.8
C1862,3307.181818181818
C9909,1859.25
C9615,2116.8
C4730,2217.6428571428573
C6090,2514.7
C9295,2226.846153846154
C7218,3253.2727272727275
C1567,1687.5714285714287
C8858,2675.8125
C1720,2349.6923076923076
C2513,1569.6666666666667
C9045,2417.4615384615386
C1666,3777.5454545454545
C1923,2484.9166666666665
C1040,3035.4
C6282,3059.3333333333335
C1024,2467.0
C3618,3049.4375
C6536,1803.3846153846155
C8505,2090.7
C3727,3419.5333333333333
C3279,3369.4
C2894,2531.6363636363635
C1245,2539.4444444444443
C2863,2962.923076923077
C9090,1944.5625
C5466,2365.8125
C2984,2234.4
C3406,2494.625
C1407,2260.0
C7381,2455.076923076923
C1384,3532.3846153846152
C8754,1765.6
C3249,2602.6923076923076
C3640,2759.5
C8607,2340.0
C8442,2711.8571428571427
C5722,3442.375
C9546,5649.8
C3442,1142.6363636363637
C3509,2828.913043478261
C6686,2554.8888888888887
C2554,3837.4444444444443
C4026,2911.4615384615386
C6873,2408.0
C1713,2232.4285714285716
C3884,2449.777777777778
C9499,2426.4545454545455
C3534,2342.6875
C4416,2739.8
C5214,3410.8571428571427
C7807,2640.4210526315787
C7149,2630.0666666666666
C2937,1549.6
C2723,2877.9375
C3587,2354.842105263158
C9947,2722.733333333333
C6338,2150.0833333333335
C3605,3863.4444444444443
C4987,3040.5
C3175,2218.4
C4966,2222.8571428571427
C2145,2812.222222222222
C3503,3231.9
C3012,3116.5
C9987,3124.5555555555557
C4810,2475.1176470588234
C7519,2252.6
C1489,3305.714285714286
C4345,1923.2941176470588
C7669,2704.8888888888887
C9969,2287.3333333333335
C8384,2717.0
C5876,2244.714285714286
C4921,2522.8947368421054
C1562,2398.1
C2050,3362.5
C8268,2717.470588235294
C2818,1986.4615384615386
C1476,2561.866666666667
C3795,2200.04
C8726,2421.3
C7623,2750.6470588235293
C5797,2285.8
C6705,2007.9285714285713
C3419,2266.846153846154
C4944,3495.1111111111113
C9917,2369.375
C2032,1895.7894736842106
C3843,1743.6923076923076
C7306,3165.285714285714
C3628,2608.1111111111113
C7879,2448.866666666667
C9318,2496.6666666666665
C1101,3028.8333333333335
C7781,1485.857142857143
C2034,2225.875
C7291,1242.6153846153845
C6956,2166.4615384615386
C4845,2664.9444444444443
C1356,2436.6428571428573
C9303,1880.0
C1967,3624.6
C6602,1933.0
C8653,2098.8333333333335
C9065,2324.875
C1382,2943.3333333333335
C2939,2130.375
C1073,2060.5384615384614
C2407,2145.3636363636365
C8827,1623.25
C1416,2545.8571428571427
C8195,2579.8823529411766
C4808,1747.0625
C4776,3021.866666666667
C7846,3126.769230769231
C6532,2520.0
C5573,2120.9285714285716
C4731,2176.5
C2560,1461.2142857142858
C4523,1753.1818181818182
C1995,3178.9411764705883
C2226,2880.7272727272725
C2854,2608.0526315789475
C5483,1865.4444444444443
C1281,3472.214285714286
C4682,3046.7272727272725
C8270,2543.785714285714
C8310,3013.714285714286
C1334,3010.3076923076924
C4108,2203.777777777778
C3062,2281.375
C2121,2052.3076923076924
C5026,3066.0
C7430,1609.357142857143
C5083,1742.0833333333333
C8447,2088.5789473684213
C7639,3511.133333333333
C1299,2294.866666666667
C5975,3187.4117647058824
C7749,2493.1176470588234
C8640,3523.0666666666666
C3251,2714.5
C8707,2421.0714285714284
C9800,2158.5555555555557
C9641,2986.8
C9278,4017.076923076923
C4344,1669.4
C9132,2071.235294117647
C9217,1793.0625
C5362,2078.625
C7429,2438.6666666666665
C2812,2271.3125
C3769,2462.5714285714284
C3026,2023.6666666666667
C2644,2367.133333333333
C6824,1797.5333333333333
C9262,2226.875
C2907,2525.6923076923076
C9662,1709.5
C6526,3604.6111111111113
C3153,2189.222222222222
C8003,2830.4444444444443
C1857,2963.5333333333333
C6785,4378.4
C9814,1310.2142857142858
C2788,2129.6
C6184,1993.7777777777778
C4778,1237.0
C3918,2864.5833333333335
C8911,2647.1666666666665
C9508,2067.6666666666665
C2608,2151.6153846153848
C5131,2318.0
C9345,1796.0
C7693,2261.0
C6540,3038.9
C5569,1756.0666666666666
C5867,2861.0714285714284
C5256,2540.9285714285716
C4834,1539.2222222222222
C8670,3236.9166666666665
C3250,2075.714285714286
C1553,1972.75
C9476,1956.1538461538462
C3332,3257.6153846153848
C8413,2353.285714285714
C5093,2362.8125
C7242,1748.6875
C8515,3059.0
C2770,2742.3888888888887
C1440,2154.714285714286
C2691,2070.0
C7028,2022.125
C8465,2640.3333333333335
C6848,2332.0
C3045,2273.9
C3076,2045.7777777777778
C4214,3771.6363636363635
C6061,2277.705882352941
C5289,2465.714285714286
C9470,2792.7619047619046
C9142,3553.0
C9457,2055.3333333333335
C4903,2258.294117647059
C7875,2317.9375
C8875,2908.6666666666665
C8809,2473.470588235294
C5729,1646.0
C3403,2117.090909090909
C5034,2187.3846153846152
C3953,2075.5555555555557
C2068,3759.0
C4300,2066.0
C2679,1975.5
C1659,2354.266666666667
C2144,2499.785714285714
C1333,2609.285714285714
C2628,3226.133333333333
C9102,2677.1
C3386,1957.3
C1603,2684.818181818182
C8723,2734.222222222222
C7253,2632.5714285714284
C8783,2617.5
C6739,2476.7
C6825,2512.9375
C7081,2162.5
C7002,2094.3571428571427
C1116,2658.0
C8389,1105.1333333333334
C3863,3119.3333333333335
C2510,2602.1666666666665
C5291,2012.4615384615386
C5028,2652.5789473684213
C7298,2878.0588235294117
C4871,1858.9166666666667
C3714,1822.0
C2859,2967.6666666666665
C8789,1048.2857142857142
C8491,2865.0
C1000,2201.4
C6603,2041.2666666666667
C6143,2303.785714285714
C6107,2959.25
C5790,3069.5384615384614
C2137,1984.4117647058824
C3177,2457.285714285714
C3490,1867.8333333333333
C5464,3090.6
C7751,2529.7272727272725
C6365,2937.4615384615386
C5706,2986.4285714285716
C5204,2259.0
C8148,2082.6923076923076
C4822,1910.9411764705883
C2516,2517.5
C5275,3119.0
C7092,2176.6923076923076
C1560,2622.777777777778
C7512,2039.6153846153845
C1373,3667.1428571428573
C6634,2331.714285714286
C9699,2535.6923076923076
C5983,2946.6
C3506,1318.2857142857142
C1596,3405.5263157894738
C7160,2473.0625
C6963,2668.2380952380954
C4608,2273.8333333333335
C9747,2927.5454545454545
C8202,1898.5
C7612,3421.6666666666665
C2736,2445.4117647058824
C8500,3860.0714285714284
C7470,1384.3076923076924
C6976,1845.090909090909
C1460,1700.9333333333334
C3469,2490.5555555555557
C8468,2774.625
C4153,2942.875
C2278,1983.1818181818182
C3350,1988.125
C8649,2401.153846153846
C1313,1831.0
C8994,2106.909090909091
C1091,2395.5
C7986,2728.375
C8444,2053.8888888888887
C5209,2764.529411764706
C8200,2370.6666666666665
C1739,2531.3529411764707
C9600,3260.3
C1425,2302.9285714285716
C9927,2351.1666666666665
C1794,2159.75
C1745,2574.6111111111113
C9035,2674.1111111111113
C4972,2203.3076923076924
C6014,2696.4736842105262
C9341,3272.0
C8639,3085.9166666666665
C7597,2026.9444444444443
C7026,3203.5454545454545
C3891,1935.0
C9007,3836.2
C8593,1810.5454545454545
C6155,2874.923076923077
C3762,1800.142857142857
C6756,2427.25
C3147,2042.090909090909
C9445,2041.1666666666667
C9916,1714.375
C4599,2300.8888888888887
C4308,2744.076923076923
C1590,2041.4666666666667
C2731,2385.769230769231
C5446,2896.0
C4098,2692.470588235294
C5875,2539.6
C9168,2731.125
C2385,3217.2727272727275
C2330,2341.1666666666665
C2467,2350.3
C3443,1265.0
C1795,1870.1764705882354
C5250,1530.1666666666667
C9865,1458.2
C6872,2112.285714285714
C6886,2691.5
C6533,2409.875
C5539,2841.4545454545455
C2446,1219.3333333333333
C8741,3259.7272727272725
C6766,2169.9375
C7208,2553.266666666667
C3924,1740.111111111111
C2687,2791.6153846153848
C3563,1989.75
C3125,2586.3125
C3890,1744.7777777777778
C3006,1108.5555555555557
C8381,3562.4285714285716
C3659,1621.25
C6095,2664.0
C7328,2362.764705882353
C7599,2606.9333333333334
C7713,2276.4545454545455
C3668,1931.7857142857142
C1142,2592.8
C6661,2554.076923076923
C5202,2262.0
C3724,1680.0
C5615,2802.470588235294
C7388,2622.266666666667
C3444,2518.846153846154
C2242,2571.875
C3665,2064.0
C3283,1857.857142857143
C2771,1581.3333333333333
C9435,2752.75
C7355,3821.2631578947367
C9649,2127.818181818182
C4396,1980.0
C6134,2380.733333333333
C6568,2751.4285714285716
C3413,2313.5882352941176
C8539,3038.2105263157896
C5286,1927.4285714285713
C4700,3138.2
C7185,2982.923076923077
C1102,2719.3636363636365
C9436,3067.157894736842
C7023,2091.6
C8036,1943.4
C4093,2696.3636363636365
C9000,2235.9523809523807
C8581,1395.4545454545455
C4663,2475.9333333333334
C7583,2314.235294117647
C9686,3097.785714285714
C7836,1932.6666666666667
C2502,2454.375
C3396,3040.25
C8914,3104.222222222222
C9192,2198.181818181818
C9187,2548.4615384615386
C1959,3000.3333333333335
C1619,3537.0
C3653,2468.625
C5638,3133.1176470588234
C2942,2036.6666666666667
C4398,1119.6
C1671,3164.1428571428573
C1126,2844.4285714285716
C6559,1806.7
C5056,1724.5833333333333
C8632,2449.1111111111113
C7663,3592.714285714286
C5621,2504.875
C6081,1798.111111111111
C9218,1700.2
C5614,2593.25
C8035,2596.4666666666667
C6706,2242.6
C9919,2793.285714285714
C4524,2596.0714285714284
C8611,1916.8
C2909,2265.5384615384614
C9900,2416.1428571428573
C1894,2520.133333333333
C8106,2454.6666666666665
C6515,2153.1363636363635
C4271,1895.8666666666666
C6504,2696.1666666666665
C4968,2957.0526315789475
C9794,4215.625
C8638,2299.9333333333334
C2853,2513.2
C9220,2940.2727272727275
C1953,3043.8125
C4962,2058.8333333333335
C1316,2705.090909090909
C1787,2168.8
C8740,2175.5333333333333
C9174,1224.7272727272727
C7217,2553.125
C3736,2305.0666666666666
C2090,2872.222222222222
C7452,2038.6363636363637
C7816,3047.125
C3376,2509.1666666666665
C3972,1662.7142857142858
C8540,2325.7
C3847,2347.5714285714284
C1996,2072.176470588235
C6432,2472.5714285714284
C1221,3135.7272727272725
C1410,3171.8888888888887
C6885,924.3333333333334
C4544,1734.3333333333333
C2801,2604.9444444444443
C8180,3142.3333333333335
C7070,2081.8125
C5463,2036.25
C9902,2222.0
C5457,3295.1666666666665
C2389,2407.0588235294117
C7179,3471.6470588235293
C9133,2047.8125
C2545,2399.3636363636365
C1368,1587.5294117647059
C4760,2681.3636363636365
C1672,2620.3636363636365
C4695,1097.625
C8604,2152.9166666666665
C7947,2825.3333333333335
C3823,2340.75
C2141,2283.1666666666665
C2587,2072.45
C4225,2561.2
C8802,2296.9444444444443
C8784,1886.6153846153845
C5426,2840.4166666666665
C7128,1757.125
C7090,1905.0
C7742,2404.5
C7220,1536.888888888889
C7657,1429.076923076923
C6482,1980.2857142857142
C9971,2163.8636363636365
C8490,2803.846153846154
C5778,2754.6428571428573
C7994,2830.2
C3169,1545.3636363636363
C7707,1637.1
C4928,2801.4545454545455
C8788,2881.3333333333335
C4323,2637.090909090909
C3454,2670.4285714285716
C3718,2145.230769230769
C8071,2337.076923076923
C1898,2568.0
C8107,2819.785714285714
C5007,2296.1
C6075,3170.9285714285716
C9138,3853.9
C9893,2740.6923076923076
C7600,1977.0625
C6151,2333.3333333333335
C3299,3179.090909090909
C3174,2157.6666666666665
C9396,1920.142857142857
C5036,2151.842105263158
C8371,2606.0714285714284
C4961,1938.7333333333333
C6032,2480.153846153846
C3120,2743.0588235294117
C1669,2789.866666666667
C4132,1945.9285714285713
C7240,1876.7142857142858
C4434,2159.0714285714284
C7736,2293.5
C3340,3609.75
C4714,1909.8125
C8758,2398.1176470588234
C4151,3199.5
C4590,3174.5555555555557
C3521,1960.5454545454545
C6421,3169.6428571428573
C3667,2348.5833333333335
C8077,2155.0555555555557
C4333,1595.4
C5949,2862.9166666666665
C3449,2486.0
C4055,2358.9444444444443
C7976,2476.7
C8657,2529.8333333333335
C6101,2956.0
C3438,2659.0
C1963,2446.6666666666665
C6216,3134.2
C7216,2074.8571428571427
C1830,1557.5
C2559,2152.2727272727275
C7462,2224.6153846153848
C8563,2179.9166666666665
C4945,2163.125
C5705,2070.8571428571427
C8867,2358.3333333333335
C8239,2055.5
C6403,2624.7272727272725
C3262,2924.733333333333
C7380,3020.8
C1477,2504.6470588235293
C6649,3630.222222222222
C5035,1873.6875
C6894,1552.9
C9493,2307.4285714285716
C3548,3137.4210526315787
C5359,2850.1428571428573
C3497,2340.5
C7886,2859.625
C3379,1773.090909090909
C1087,2537.285714285714
C2200,3243.133333333333
C4583,2717.4
C4262,1896.0714285714287
C5763,2570.2
C1561,3386.5714285714284
C4216,1515.5
C5292,2733.4166666666665
C8682,3304.4166666666665
C6413,3640.875
C6982,3080.4666666666667
C4854,2177.818181818182
C3766,2803.6363636363635
C6817,2189.0
C5488,3264.3333333333335
C9172,2478.4210526315787
C9885,2519.1
C9783,2825.222222222222
C8669,2175.8823529411766
C7755,2627.6
C9247,2785.733333333333
C4152,1874.8333333333333
C7883,1644.0
C5217,3182.133333333333
C7701,1217.6923076923076
C1809,2734.181818181818
C9709,2203.1428571428573
C9924,2421.75
C1038,1556.5
C9354,2141.733333333333
C1762,2311.090909090909
C5686,2563.75
C6208,2260.0
C1208,1570.1666666666667
C6172,2713.2
C8750,1921.0625
C3216,1407.7272727272727
C2495,2912.0
C4352,3025.0833333333335
C6558,2653.6923076923076
C2042,2660.3125
C6256,2412.875
C4242,3461.3333333333335
C5240,3034.285714285714
C8768,1754.3
C5672,3632.3
C4270,3720.5384615384614
C8692,2766.1875
C7046,2190.0
C7058,3383.714285714286
C9483,2595.6363636363635
C1742,3253.769230769231
C5751,2511.2727272727275
C4540,2700.7272727272725
C9312,3635.0
C6334,2238.8888888888887
C6440,3266.5
C3447,2275.5714285714284
C8806,3331.4285714285716
C6591,3632.5714285714284
C7595,1928.25
C6997,2129.181818181818
C9244,1913.2666666666667
C5328,2782.285714285714
C8401,2367.6923076923076
C4131,2333.2727272727275
C3077,2587.8823529411766
C7281,3883.3
C6270,2118.6923076923076
C7571,1517.909090909091
C2462,2812.6875
C9994,2572.4
C9590,2404.909090909091
C2817,1349.4
C7785,2439.6666666666665
C5384,2500.0
C3253,2889.222222222222
C8646,3113.923076923077
C1184,2117.3333333333335
C5960,1840.5714285714287
C2956,1539.3076923076924
C5604,3797.75
C1052,1969.15
C7433,2531.75
C7303,4052.6666666666665
C4721,2419.230769230769
C6710,2101.9285714285716
C6011,1977.0555555555557
C5290,2812.818181818182
C4235,2731.5384615384614
C9531,2816.318181818182
C3135,1644.0
C9882,1983.0
C4334,2304.4166666666665
C8597,3147.3846153846152
C3937,2763.6666666666665
C7326,2819.5
C1331,2711.0
C4283,2051.0666666666666
C8663,1637.0
C1176,2810.6875
C7314,1613.3
C5333,2887.714285714286
C5046,1846.2
C7550,2329.5384615384614
C5175,2396.909090909091
C3740,2562.909090909091
C8419,3093.2727272727275
C4901,1855.5833333333333
C5482,2373.1666666666665
C3759,2322.875
C2002,2387.5333333333333
C2110,1662.642857142857
C6265,1787.7142857142858
C2544,1826.4615384615386
C2712,2174.4285714285716
C1990,2665.6111111111113
C1691,3258.0
C7891,2944.4375
C4655,2647.25
C3309,2840.909090909091
C2662,2201.125
C7899,2797.8571428571427
C9106,3174.3333333333335
C8175,2031.125
C5325,2240.818181818182
C4020,1890.2307692307693
C3574,1974.25
C1129,1444.1
C2081,2704.3636363636365
C4879,2511.9
C1826,2714.076923076923
C9568,2306.875
C8711,2366.9
C4252,2696.0
C6125,2812.6
C5317,1933.8125
C6626,2879.714285714286
C3923,3519.846153846154
C9451,1596.1818181818182
C9179,2434.3333333333335
C9338,3303.8333333333335
C7095,2318.3076923076924
C2458,1736.8235294117646
C3495,2512.3
C5432,1340.75
C8584,1779.9375
C3137,2552.4444444444443
C3193,2610.1666666666665
C6991,2694.2631578947367
C1436,3429.5714285714284
C8753,1840.9444444444443
C3400,2598.1
C3750,2603.1111111111113
C4154,2084.375
C8484,2163.75
C3679,2110.8
C7198,2754.25
C1218,3434.285714285714
C9005,2335.6153846153848
C8191,2506.3571428571427
C4956,2853.5
C8301,2001.5
C1269,2473.4444444444443
C6029,2930.625
C7900,2448.090909090909
C3004,3141.214285714286
C2670,1874.8666666666666
C9085,2074.3636363636365
C9481,2349.181818181818
C1696,1723.9
C4429,2289.625
C5786,2552.0
C2408,2231.0
C8957,1930.9166666666667
C6580,1882.5833333333333
C3872,1854.25
C7010,2560.0
C2240,2761.5555555555557
C8704,2297.7
C1381,3085.846153846154
C7679,3004.5833333333335
C4723,2110.125
C6792,2567.1666666666665
C8530,2666.75
C7335,2901.181818181818
C2971,2686.3333333333335
C2716,3743.909090909091
C2049,2566.0454545454545
C4442,3167.4166666666665
C2274,2369.1666666666665
C7981,2589.2727272727275
C7557,2101.4545454545455
C5044,1339.625
C8946,2160.2
C6614,2007.5
C3920,2603.909090909091
C9399,2222.823529411765
C2845,1623.4444444444443
C9838,1936.3333333333333
C9732,3462.1428571428573
C4882,2447.6666666666665
C3768,1328.25
C5316,1993.2222222222222
C2332,2960.076923076923
C6292,1707.2857142857142
C6371,2381.5263157894738
C1288,2245.6
C8538,2887.4285714285716
C1594,2492.4615384615386
C5089,2507.235294117647
C5369,1990.1176470588234
C9975,2421.8
C7640,2673.3
C5780,2924.9
C4001,2559.133333333333
C2498,1544.375
C1727,2932.3684210526317
C4205,3321.875
C9454,2394.5
C7650,2233.266666666667
C7418,1900.3846153846155
C3259,3095.714285714286
C7970,2249.5333333333333
C1308,3591.5714285714284
C5465,2111.733333333333
C2398,2744.4166666666665
C9846,2821.4
C4480,2818.090909090909
C4874,3050.3333333333335
C5016,4259.0
C4239,2373.25
C4462,2292.6363636363635
C7996,2622.625
C1128,2766.866666666667
C8761,2068.818181818182
C4502,2194.764705882353
C6199,2589.65
C1992,3072.6
C7780,3243.3333333333335
C8452,3480.5454545454545
C4697,3057.6153846153848
C9283,1728.2666666666667
C6878,2023.4375
C5228,3383.7
C2506,2139.5
C9513,1509.3333333333333
C2411,2429.0
C4468,2236.0666666666666
C3310,1649.75
C6820,2307.181818181818
C3093,1971.2857142857142
C7184,2247.75
C3696,1622.1666666666667
C4374,2878.5
C2205,2356.909090909091
C7394,2024.125
C2773,2402.764705882353
C5393,2204.090909090909
C7504,2217.75
C7617,3909.777777777778
C9083,2082.0526315789475
C5402,2365.0833333333335
C7271,2367.1428571428573
C6252,3310.2
C9047,2607.9166666666665
C1424,2114.0
C6743,3879.6
C4384,1997.3636363636363
C3015,2197.133333333333
C9135,1713.5454545454545
C4877,2460.5
C4543,2707.181818181818
C3144,3771.8571428571427
C5114,2774.5714285714284
C6063,2612.222222222222
C5809,1924.5555555555557
C5148,2285.9333333333334
C4245,1899.909090909091
C4887,4072.4
C9267,2523.8888888888887
C3608,2592.0
C5408,3666.0
C1090,2538.090909090909
C4471,2471.125
C9402,1788.111111111111
C2978,1900.4117647058824
C2704,2546.0
C4800,2987.4117647058824
C6210,3331.090909090909
C6730,1663.1666666666667
C4510,3324.076923076923
C2739,2444.7272727272725
C6755,2379.6
C1710,2604.4375
C4752,2628.777777777778
C7141,3534.5
C9473,1851.375
C1037,2550.8
C6455,3023.3
C6639,3037.3333333333335
C9848,2662.0588235294117
C1104,1455.842105263158
C1572,2954.3571428571427
C1220,2755.25
C1758,2867.0
C5611,1680.0
C7148,2421.777777777778
C2567,2131.285714285714
C4391,2990.0
C4458,2489.4375
C5322,3148.5384615384614
C8953,2381.9285714285716
C4217,1915.8181818181818
C7337,3067.25
C2140,2997.214285714286
C8608,1729.4545454545455
C5285,1955.8125
C3709,1980.1538461538462
C2449,2585.5
C7252,2816.25
C5091,2206.5714285714284
C4261,2099.1666666666665
C6284,1877.2
C5922,3221.0588235294117
C2476,3627.9333333333334
C6882,2661.230769230769
C7029,2398.5
C3983,3500.8
C5889,3094.0
C6306,2925.25
C9851,2394.7
C5199,2840.9285714285716
C7036,3423.25
C4127,1793.0
C4658,3887.5
C4208,2082.5454545454545
C9997,1728.7
C3152,2784.923076923077
C3311,3424.6666666666665
C2304,3052.75
C9365,3029.7
C3117,2971.222222222222
C5298,3090.3333333333335
C6262,2364.8333333333335
C6837,2138.8
C7703,4153.461538461538
C7069,2681.6666666666665
C5648,1896.7692307692307
C3984,1409.9166666666667
C7309,2209.875
C7042,2470.9166666666665
C2281,2141.3333333333335
C6721,1592.0
C4211,3312.266666666667
C8080,3115.5454545454545
C8159,2576.3076923076924
C4404,2610.777777777778
C6193,1936.0
C1258,2255.0
C1196,3088.6428571428573
C7690,2691.75
C3476,2198.6470588235293
C3038,1689.3333333333333
C1941,2133.5
C3385,2325.8
C2067,2070.294117647059
C6640,2627.25
C7292,2197.9411764705883
C1097,2614.9
C8015,1834.2941176470588
C7574,2178.9285714285716
C9175,3394.076923076923
C2277,1331.2222222222222
C6761,2096.6
C2483,3040.846153846154
C5032,3149.9411764705883
C5993,3534.777777777778
C1455,2327.769230769231
C1846,1393.5
C5519,2470.076923076923
C7487,2874.8333333333335
C2677,2338.785714285714
C9026,2292.75
C4395,2692.769230769231
C9704,2462.3333333333335
C1417,2467.714285714286
C2374,2781.5714285714284
C6829,2221.3636363636365
C4048,2924.1428571428573
C9819,1812.5833333333333
C2187,4045.4
C1185,2536.923076923077
C2943,1791.8181818181818
C3157,2403.3076923076924
C4625,1741.888888888889
C5268,1637.9
C8457,2407.9
C3965,2312.4545454545455
C4860,2346.0
C3143,1785.25
C6725,2670.2
C2130,1934.0
C7057,3977.4615384615386
C2419,2591.823529411765
C8397,2176.3333333333335
C2667,1343.875
C1888,2510.3571428571427
C6420,2512.5454545454545
C8687,1535.1538461538462
C5762,1803.125
C8117,1841.6666666666667
C9461,3064.5
C9527,1721.25
C7937,1650.4
C4290,3158.5
C8853,1942.4
C2128,1886.0
C2900,2637.3846153846152
C2155,2858.1666666666665
C2661,2644.1176470588234
C3800,2866.4
C9619,3282.9
C7618,2318.3076923076924
C3854,3243.222222222222
C1944,3004.0666666666666
C9560,2206.6153846153848
C9167,2799.0
C6723,2562.214285714286
C6765,2557.8
C6599,1857.6666666666667
C5596,2067.2
C8138,1761.111111111111
C3362,2394.785714285714
C5029,3626.294117647059
C9010,2861.4666666666667
C2825,2416.285714285714
C3182,3165.214285714286
C4673,2386.9333333333334
C3103,1816.5333333333333
C1029,2449.4
C8660,1812.090909090909
C8393,2618.285714285714
C4676,1925.0714285714287
C5470,1825.909090909091
C6368,1825.5263157894738
C4791,2277.714285714286
C6988,2536.4444444444443
C7189,2161.6
C7239,2019.5833333333333
C9272,2817.818181818182
C9770,2156.7
C4320,2209.125
C3375,2693.769230769231
C8297,2921.3
C9881,1846.5714285714287
C5343,2596.714285714286
C3878,3329.9166666666665
C5338,2343.0
C1354,3404.3333333333335
C6280,2360.5333333333333
C7064,2820.8571428571427
C1604,3357.75
C3619,2634.6923076923076
C1791,1837.888888888889
C2201,1202.1666666666667
C9315,2516.3333333333335
C4064,2393.25
C5591,3119.4545454545455
C5103,1901.2
C6399,2689.285714285714
C8170,2624.8888888888887
C8063,2533.75
C9601,2059.4444444444443
C6664,2215.125
C8416,2925.5555555555557
C3224,2413.529411764706
C8569,2507.714285714286
C4215,2580.4736842105262
C7440,3264.9
C5300,2171.4117647058824
C3611,1581.25
C3227,2437.8823529411766
C2870,2605.0
C8047,2985.6428571428573
C9536,2843.1428571428573
C8755,2450.2
C2041,1802.4166666666667
C5227,2478.4166666666665
C9753,2663.0
C6241,2094.714285714286
C6753,2313.133333333333
C4851,1714.4444444444443
C8535,2015.8181818181818
C9581,2480.090909090909
C2087,2081.909090909091
C3560,2598.625
C4372,3140.375
C8952,2266.3636363636365
C4388,2982.5833333333335
C2659,2434.1666666666665
C1428,2605.0666666666666
C9579,2118.0
C7169,2384.0833333333335
C6860,1840.7333333333333
C5743,2722.4
C8935,2796.181818181818
C4360,2522.3076923076924
C6157,3103.7272727272725
C8968,3062.3846153846152
C3514,2580.4166666666665
C2300,1796.1176470588234
C2630,2428.818181818182
C2451,2224.1111111111113
C6607,2798.1666666666665
C8127,1747.7142857142858
C6186,2581.5555555555557
C3032,2492.222222222222
C4606,2628.5714285714284
C3877,2458.153846153846
C3312,2913.2727272727275
C7142,2342.875
C5171,1913.6666666666667
C7793,2951.0
C7920,2244.4615384615386
C7629,1877.875
C9150,1363.25
C6055,2442.214285714286
C7475,1775.9333333333334
C7664,2129.266666666667
C4403,3074.5833333333335
C6961,2662.0714285714284
C4102,2946.5833333333335
C8944,3345.6
C4407,2393.6470588235293
C6358,2807.8888888888887
C9737,1846.6666666666667
C9990,3086.714285714286
C3846,1573.6153846153845
C7438,2102.8
C2645,2937.7
C5698,2739.9444444444443
C5269,2187.25
C3947,2777.904761904762
C2251,1970.142857142857
C7878,2940.090909090909
C9690,2896.470588235294
C3086,2224.1428571428573
C6232,2074.153846153846
C2546,2165.5454545454545
C3233,3064.6923076923076
C8623,2146.6666666666665
C4338,2377.153846153846
C4897,3508.125
C4298,2366.153846153846
C9652,2880.8
C2805,2433.0
C2898,3006.5833333333335
C9186,3603.866666666667
C3452,2880.7727272727275
C9678,2539.75
C5374,2670.75
C8917,1789.4
C4707,3224.133333333333
C6489,1456.75
C1400,2304.076923076923
C4642,1836.8
C9062,3035.7272727272725
C5938,2851.6363636363635
C5153,1697.5
C6188,2176.0
C8156,2144.4
C7620,1969.5
C5456,1781.2307692307693
C7414,3126.785714285714
C5420,2021.090909090909
C8339,2441.222222222222
C2715,2587.4285714285716
C7467,2285.5
C7048,2256.9411764705883
C4189,2684.222222222222
C5680,1845.9285714285713
C1063,3040.6666666666665
C9977,3470.294117647059
C5158,2209.714285714286
C8212,2000.0
C6019,2448.214285714286
C3577,2603.923076923077
C7662,1726.3333333333333
C3172,2496.733333333333
C3188,2155.3846153846152
C8757,1714.888888888889
C9036,2601.714285714286
C4560,2653.5555555555557
C8991,2087.1111111111113
C9375,3902.0
C8546,2597.1176470588234
C3048,3226.6153846153848
C5669,3361.181818181818
C4126,2557.0
C9530,2879.904761904762
C3370,1775.9
C2170,2500.7
C5773,2191.6153846153848
C3885,2049.733333333333
C4014,3574.7894736842104
C6906,2475.0714285714284
C2585,2425.2
C1579,2361.25
C5249,2486.6
C2719,2619.25
C1973,1213.5454545454545
C5332,1451.857142857143
C2073,2206.181818181818
C1541,3316.625
C9953,1835.7
C6030,2523.875
C9155,2801.8333333333335
C9469,1679.6
C8414,2240.2
C7991,2226.6153846153848
C3747,1560.0666666666666
C2338,2814.285714285714
C6100,1666.7777777777778
C2162,2379.3333333333335
C3716,3974.5555555555557
C9074,2463.842105263158
C9068,1815.2
C8594,2102.3846153846152
C7088,2800.5454545454545
C3064,2497.5555555555557
C5318,3321.846153846154
C7266,1853.6666666666667
C5468,2939.0
C7859,3012.3571428571427
C8461,2991.6153846153848
C1805,3035.4615384615386
C2722,2343.222222222222
C9761,2767.4
C9630,1827.3636363636363
C9380,2416.8333333333335
C7791,3146.9411764705883
C7637,3433.0
C9376,3252.3076923076924
C8453,2491.4
C7039,3871.6923076923076
C4925,2905.4615384615386
C2536,2106.8823529411766
C2912,2439.777777777778
C7310,1616.5
C5233,1618.0
C6803,2362.6
C4422,1691.3846153846155
C6104,2349.3
C2795,1521.9375
C1413,3674.5454545454545
C3804,1934.6
C6298,2087.4545454545455
C9259,2464.285714285714
C1755,2400.0
C4448,1964.7777777777778
C6995,2938.9
C5535,3576.9
C7813,3703.7
C5572,2805.866666666667
C3241,2772.75
C5006,2530.5384615384614
C3564,2242.75
C7024,2381.5454545454545
C8027,2171.733333333333
C6103,1556.25
C3246,2936.0
C5764,2081.3333333333335
C2182,2068.8
C8966,2537.090909090909
C5336,2440.0
C4985,2446.214285714286
C7980,1771.8333333333333
C7272,3216.3846153846152
C8493,2575.5555555555557
C3928,2543.529411764706
C4646,1598.7333333333333
C5720,3097.75
C5998,2760.9166666666665
C6701,2771.785714285714
C1781,2758.75
C7205,2033.4166666666667
C7162,3076.625
C4326,2730.0
C7383,2556.4
C9724,1887.357142857143
C3210,2308.3
C2114,3014.4
C1429,3777.875
C8337,2277.923076923077
C9617,2740.7272727272725
C5192,2612.777777777778
C2064,2375.9166666666665
C3956,1788.75
C2802,3804.4166666666665
C8322,1873.0
C1810,2049.3
C5383,1345.142857142857
C8065,3883.0
C9477,3041.181818181818
C9149,2284.8888888888887
C3855,2364.3125
C2489,2647.6153846153848
C6621,3498.214285714286
C4991,2434.3571428571427
C9789,2704.3846153846152
C9151,2191.6190476190477
C4587,2129.5789473684213
C5979,1469.9166666666667
C4143,2709.8888888888887
C3036,2538.6
C1966,3031.0714285714284
C1730,2584.9
C6815,2114.904761904762
C7834,2986.1428571428573
C3318,2026.5625
C3057,2836.3076923076924
C2876,2698.823529411765
C3838,2091.5833333333335
C1578,2607.0
C8236,4142.090909090909
C5928,2703.4444444444443
C3545,2261.5
C8839,3161.818181818182
C4880,2073.777777777778
C3670,2269.777777777778
C4789,2778.6666666666665
C1714,3497.176470588235
C3104,3807.375
C3499,1970.5
C2400,1419.857142857143
C7483,2276.5454545454545
C7103,2894.6363636363635
C5585,1911.8333333333333
C8519,2797.0
C7596,2321.4166666666665
C1287,3083.75
C3591,1720.076923076923
C2911,2624.4545454545455
C5088,3123.625
C7931,2276.076923076923
C6141,1718.6666666666667
C7275,3778.8
C5785,3599.7272727272725
C9854,2179.5333333333333
C9242,3095.222222222222
C1999,1229.25
C9459,1801.2
C8974,2402.0
C5439,2407.3333333333335
C6877,3200.6
C2204,2502.153846153846
C8098,1900.076923076923
C9698,2838.315789473684
C5185,2115.785714285714
C7055,2016.5294117647059
C2640,2934.5625
C1519,1853.1875
C1307,2379.3076923076924
C6283,3210.0
C3680,3152.0
C2831,2145.0
C3733,2097.6666666666665
C3886,2985.153846153846
C7507,3142.6666666666665
C1276,1759.5
C4156,2601.923076923077
C6302,1983.9411764705883
C5801,2518.25
C5118,2553.7368421052633
C3127,2228.3
C4096,2955.3636363636365
C3058,2042.4285714285713
C2676,3070.5714285714284
C7855,2250.7272727272725
C3067,2314.8888888888887
C1133,2228.8
C7235,3427.4444444444443
C8312,3001.4444444444443
C2960,2922.866666666667
C7041,2460.6428571428573
C8125,2771.909090909091
C7782,2500.3333333333335
C3102,2870.625
C9072,2151.5
C3573,2531.0
C3861,1953.909090909091
C3502,2556.6315789473683
C6905,2001.090909090909
C4075,2832.9166666666665
C6563,2283.0833333333335
C5887,2381.4545454545455
C2088,2434.4545454545455
C9874,2484.769230769231
C5030,2390.0
C9234,2464.0
C2080,1749.0
C6908,4361.375
C1251,3274.125
C6833,3479.4117647058824
C7998,1904.8
C6162,2384.230769230769
C9282,2842.9166666666665
C2272,2123.470588235294
C2291,1667.6363636363637
C6079,3882.3333333333335
C9322,2480.4666666666667
C3799,4388.714285714285
C6209,3030.785714285714
C9853,1991.8125
C4035,2574.25
C6379,2194.5
C2711,2132.4285714285716
C4577,2744.733333333333
C4549,2458.2
C8488,2953.0
C6735,2972.55
C7759,1601.0
C9771,1433.5333333333333
C2979,2403.1
C2235,2311.8571428571427
C4240,2067.2
C2902,2703.285714285714
C6007,2861.875
C2908,2667.5625
C7124,3137.8125
C3535,2342.0
C8040,2691.0
C4659,2452.133333333333
C6031,2221.5714285714284
C7882,2710.8571428571427
C4780,1787.875
C4804,2612.9285714285716
C9880,2433.6666666666665
C6666,2784.9166666666665
C7032,1967.142857142857
C4913,2224.9285714285716
C7545,2285.2
C7732,2511.0
C5073,2536.823529411765
C4420,3175.785714285714
C1298,2217.625
C7819,2617.8125
C9593,2693.55
C5919,2402.8333333333335
C5366,2574.6153846153848
C1847,2409.733333333333
C3583,2515.3333333333335
C1522,1829.6
C5304,2732.3333333333335
C6726,2366.769230769231
C1509,3156.5
C9197,3956.0
C2914,1635.0
C2891,3069.777777777778
C6960,2611.8823529411766
C1260,2699.25
C2334,2844.8888888888887
C6552,1959.5
C1182,3147.5555555555557
C1472,3195.55
C5174,2133.3571428571427
C6616,2057.25
C3050,2828.3076923076924
C1044,2914.133333333333
C3684,2346.4615384615386
C9705,2123.3333333333335
C8097,2477.5454545454545
C7835,2474.0833333333335
C5518,3063.5555555555557
C4740,3087.875
C4904,2513.625
C3921,1997.357142857143
C4824,2684.0
C2289,2392.5555555555557
C8274,2908.5
C9494,2742.785714285714
C2720,2536.923076923077
C5851,3513.0
C5932,2713.25
C4601,1385.25
C8418,1790.875
C5613,3144.9
C5472,2113.75
C2327,1882.7777777777778
C7447,2728.733333333333
C2791,2425.6875
C2132,2345.5
C3765,2788.3333333333335
C3603,2740.823529411765
C8471,2285.529411764706
C3022,2110.0
C8412,1635.421052631579
C6847,1990.5625
C4653,3345.4166666666665
C9080,2140.8571428571427
C9471,2492.9444444444443
C8972,2686.8
C2095,2401.0
C5005,1675.5454545454545
C2521,2107.3333333333335
C6707,3048.9166666666665
C5918,2080.0
C8378,2758.5
C2437,2556.3076923076924
C7510,2340.875
C5609,3978.076923076923
C9087,2829.5384615384614
C7692,2185.6666666666665
C7468,2406.3125
C5884,3059.5
C3845,3321.0
C1785,2192.090909090909
C9688,3561.5714285714284
C4327,2267.3076923076924
C7968,2283.4444444444443
C1098,2212.625
C7547,1602.1666666666667
C1108,2536.3529411764707
C1351,2938.2105263157896
C3664,1577.9166666666667
C7274,2576.3333333333335
C7914,2253.866666666667
C9681,2749.75
C8476,2189.0
C5525,2788.909090909091
C5798,2862.2727272727275
C8847,2414.125
C8287,2760.4545454545455
C3142,2497.823529411765
C2600,2659.8333333333335
C9608,2113.090909090909
C1171,2582.133333333333
C2780,1753.1
C4289,1964.4705882352941
C6394,2036.4
C5216,2715.6470588235293
C8899,1865.9375
C1070,2497.3333333333335
C9028,1843.4545454545455
C1451,2259.3846153846152
C9485,4160.125
C2228,2453.9444444444443
C6039,2653.3125
C8316,3417.2
C7633,2261.4
C4415,2253.4285714285716
C4952,2408.0
C4435,2111.1875
C9828,3326.3125
C6147,2662.0
C7856,3750.4
C9805,2272.6
C1693,2482.9375
C2152,2840.4
C9194,2125.6
C4522,1961.7142857142858
C6648,2272.3333333333335
C9111,1762.1666666666667
C4754,2906.0
C8719,2270.823529411765
C7357,2585.6153846153848
C8805,3412.8333333333335
C2410,1673.2
C1770,2832.2727272727275
C3326,3366.3076923076924
C1481,2384.625
C6857,2727.8125
C6944,3087.722222222222
C3345,3647.6363636363635
C4342,2294.0
C9221,1891.7619047619048
C8800,2369.0833333333335
C1067,2569.9166666666665
C7999,3745.0
C7453,2777.75
C2994,3043.0833333333335
C5871,2832.0
C5198,1939.2222222222222
C7756,2525.6470588235293
C8684,2266.3571428571427
C4900,2348.1111111111113
C6676,2798.5
C9845,2170.0588235294117
C7061,2039.4285714285713
C6404,2259.5
C1939,2688.3846153846152
C9646,2188.375
C6990,1772.5714285714287
C8586,2667.7916666666665
C4830,2228.3333333333335
C9675,2141.4545454545455
C4997,3247.277777777778
C4894,3207.0
C2127,2329.6363636363635
C7723,3053.090909090909
C8115,2495.1428571428573
C6301,2724.4615384615386
C3691,1833.0666666666666
C9657,2170.2
C8095,2860.4
C7477,2300.1428571428573
C9719,1435.142857142857
C8459,2421.5
C7797,1381.2727272727273
C7548,2827.846153846154
C9907,2197.2
C1499,3313.9
C4133,2222.8
C2142,3411.9285714285716
C2237,2235.0666666666666
C6356,3190.8333333333335
C4427,3106.875
C9019,2756.0526315789475
C6250,2787.8333333333335
C7824,2885.529411764706
C3267,1960.6666666666667
C1285,1803.4444444444443
C3028,2627.625
C3166,2760.9285714285716
C8559,1910.5555555555557
C2974,2532.714285714286
C6072,2709.6190476190477
C2382,2861.1666666666665
C6335,2072.1666666666665
C7126,2465.722222222222
C2171,1907.7142857142858
C7831,2201.9
C6551,2313.529411764706
C9708,2150.076923076923
C2868,2389.5
C5520,2724.9333333333334
C5548,2363.3333333333335
C5042,2470.3571428571427
C7818,2520.818181818182
C9616,2724.75
C8857,2136.0
C9599,1517.142857142857
C3425,2493.769230769231
C4138,2299.1111111111113
C7012,2968.6363636363635
C8483,2222.4210526315787
C8697,2372.5
C4260,2000.2666666666667
C4983,2481.0
C8313,2325.818181818182
C1683,3420.1
C4576,2682.25
C9637,2258.5454545454545
C1075,1445.142857142857
C1005,2572.285714285714
C7117,2646.181818181818
C4321,2853.866666666667
C7378,2117.75
C6094,1835.090909090909
C5278,3652.375
C7746,2205.0833333333335
C8064,3620.5
C4278,2358.1428571428573
C2351,935.5
C2558,2032.0
C2169,2625.3076923076924
C6823,2907.1666666666665
C9281,1897.9166666666667
C1265,3378.0
C5617,2145.8125
C6727,1225.0
C4649,2638.6470588235293
C6708,1433.3333333333333
C7685,3022.6
C6202,2540.1428571428573
C2582,3146.6666666666665
C5636,2257.4444444444443
C8628,2241.45
C9847,1347.1
C8079,1533.5384615384614
C8455,2969.0
C4069,1645.9166666666667
C1670,3398.769230769231
C9801,2249.0
C8785,2245.285714285714
C4297,2752.5
C3580,2133.0
C9809,4208.166666666667
C1643,2704.8
C6146,2103.4444444444443
C7100,3009.3076923076924
C9519,1576.3333333333333
C4902,2325.785714285714
C6207,2344.1
C1103,2869.2727272727275
C8567,2032.6666666666667
C1789,2199.222222222222
C5428,1755.9333333333334
C5365,1958.111111111111
C5077,3293.8333333333335
C7728,3722.8571428571427
C3414,1938.8823529411766
C6590,2262.25
C8696,2819.0666666666666
C4588,3376.681818181818
C6401,2199.3
C5640,2582.6428571428573
C1222,2518.6428571428573
C6137,2690.0
C1060,2713.0
C8396,2538.9444444444443
C9754,1961.0
C9122,2855.8823529411766
C2053,2485.5384615384614
C4725,2465.3333333333335
C7192,2564.25
C9667,3452.5
C9456,1566.6666666666667
C9452,2041.8461538461538
C6214,2206.9411764705883
C4045,2748.5
C2527,2566.7916666666665
C5350,3333.090909090909
C1523,2351.5
C7769,2508.0666666666666
C8835,3333.5789473684213
C9294,2690.705882352941
C7905,1769.0
C9722,2860.0
C9792,1436.6666666666667
C5051,2118.315789473684
C5064,3146.9285714285716
C2292,2200.5714285714284
C9988,2147.1666666666665
C9859,2640.8
C8642,3469.0
C2191,2777.6
C4086,1797.25
C3393,2795.777777777778
C8463,3082.4
C2972,2165.0
C5481,2174.3846153846152
C3184,2838.8
C7549,2047.0714285714287
C3407,2876.875
C9089,1393.090909090909
C7480,3193.75
C1453,2274.6153846153848
C5507,2555.285714285714
C9883,2157.4375
C2571,2220.8333333333335
C5843,3149.714285714286
C1626,2875.285714285714
C7624,1457.6153846153845
C8448,2353.5333333333333
C6717,2218.818181818182
C2309,2944.8571428571427
C7950,1461.909090909091
C1994,2947.1666666666665
C6984,2016.6666666666667
C3933,2208.8
C4436,3350.2
C3540,2072.3076923076924
C1871,2181.5
C7004,2709.3333333333335
C2663,3017.3333333333335
C5587,1966.8461538461538
C2967,3176.5454545454545
C5999,2468.4666666666667
C5186,2407.285714285714
C6543,3325.266666666667
C2413,2281.0
C9199,2089.529411764706
C6293,2784.3333333333335
C4949,2016.1
C6109,1927.090909090909
C1512,2479.1428571428573
C3081,3224.8
C8103,2024.75
C9238,1774.7272727272727
C8816,2813.4666666666667
C8341,3271.6
C6064,2708.866666666667
C5501,3190.3571428571427
C4718,2007.3
C5946,2276.909090909091
C5403,1546.6666666666667
C6810,3169.4444444444443
C6503,2244.230769230769
C2431,1944.142857142857
C3526,2936.277777777778
C8706,2099.777777777778
C2887,3150.2
C1738,1822.2666666666667
C1471,2026.2941176470588
C4645,1811.4285714285713
C4770,2883.5384615384614
C1432,2651.9
C4959,3415.6666666666665
C1419,2438.3636363636365
C7823,2288.2
C9658,2596.5714285714284
C3565,3088.866666666667
C9414,2261.5
C5352,3204.4375
C3671,2221.6428571428573
C7873,2555.6666666666665
C6513,2688.5555555555557
C1113,2120.6666666666665
C8231,1936.4705882352941
C7454,2961.75
C7238,3414.25
C9292,3322.0
C5840,2919.7
C3989,2675.5
C1083,1955.3333333333333
C8807,2056.153846153846
C7734,2792.75
C8728,2362.5
C7154,2177.076923076923
C5973,2326.25
C3378,2789.3333333333335
C9288,1884.5
C7800,3112.25
C4295,2330.5263157894738
C4643,1869.375
C1887,3188.6428571428573
C7425,3642.8
C8353,2852.818181818182
C1949,2309.785714285714
C2535,3113.75
C3712,3416.25
C9357,2137.7272727272725
C6806,2811.9285714285716
C6628,2320.285714285714
C7153,2937.25
C4641,2658.235294117647
C2819,3123.769230769231
C8585,1144.875
C1068,1154.6
C3832,2355.05
C5803,2541.7
C3138,2011.4615384615386
C7862,1798.7142857142858
C9333,1741.9
C8731,2305.3333333333335
C8061,2484.6666666666665
C2098,2745.0555555555557
C8289,2550.08
C2821,1822.2222222222222
C7199,2938.153846153846
C7288,2702.0
C2980,2221.0
C4525,2367.4615384615386
C3316,2719.5882352941176
C6120,2590.777777777778
C5547,2944.181818181818
C9741,2687.4545454545455
C2618,1767.2222222222222
C2969,1912.0
C3420,1713.6
C8751,2298.5
C1505,1454.7142857142858
C6949,2669.5
C3220,2270.5555555555557
C5567,1451.6666666666667
C9140,2386.785714285714
C3466,2112.75
C6076,3001.3333333333335
C8344,1700.7272727272727
C8377,2889.769230769231
C1107,2732.1428571428573
C6509,1861.5555555555557
C1500,3086.277777777778
C1577,2560.9375
C5709,2834.0
C1901,2418.1666666666665
C4111,2610.2105263157896
C8571,2241.6
C4999,2393.5454545454545
C4060,2501.3125
C3754,2574.5
C6650,2562.5
C6700,2038.9285714285713
C5836,2408.8
C2632,3840.6363636363635
C6484,2332.5833333333335
C1698,2183.4666666666667
C5400,3028.6153846153848
C6153,2391.7272727272725
C3946,3333.8888888888887
C7513,2228.0
C4122,2932.3076923076924
C5815,1378.2
C4661,3156.2727272727275
C2353,3721.6111111111113
C1864,3161.3571428571427
C2456,3267.9
C8979,2327.714285714286
C7485,2372.1111111111113
C2040,2109.0
C3273,2368.5789473684213
C6819,2992.3333333333335
C5334,3409.153846153846
C2666,3311.7
C1744,3233.3571428571427
C8392,2220.3
C8647,3220.153846153846
C1248,2707.8571428571427
C2581,2564.0
C8926,2824.6153846153848
C3604,2592.5
C3485,1510.375
C4545,1914.2857142857142
C6295,2570.153846153846
C9385,1856.125
C3480,2714.846153846154
C4829,2997.0
C5173,2656.0588235294117
C5453,1699.4117647058824
C4940,3622.214285714286
C3276,1587.0
C9717,3031.4444444444443
C7302,1693.7272727272727
C8762,1832.5
C3325,2642.375
C7533,2094.5
C1632,1899.0
C9877,2807.0588235294117
C9762,2365.705882352941
C5593,2167.785714285714
C8971,1794.888888888889
C5667,2100.4736842105262
C2616,3080.3684210526317
C9431,2370.076923076923
C5714,1480.8461538461538
C5513,2320.125
C1872,3284.2727272727275
C9195,2826.190476190476
C8870,3006.6153846153848
C9815,3154.4
C4438,1782.6666666666667
C7522,1920.6666666666667
C8307,2376.090909090909
C3987,2051.2
C4062,3352.3846153846152
C4449,2032.6153846153845
C3643,2515.5555555555557
C7641,2401.2727272727275
C2415,2359.181818181818
C8659,2370.3
C4488,3793.625
C4161,2754.0
C5551,3252.2
C6222,3524.230769230769
C9752,2316.3076923076924
C7787,2108.0
C7311,1808.2857142857142
C8088,2554.8571428571427
C8510,2130.230769230769
C5784,2350.125
C9574,1934.9375
C5765,2626.181818181818
C5772,1446.9
C3171,2130.4117647058824
C4817,3093.0
C9588,1351.7272727272727
C2089,1358.0
C7698,2463.3571428571427
C9505,3586.8888888888887
C5685,1523.3333333333333
C1198,3187.9
C4206,3447.5
C4446,2602.5384615384614
C5502,2802.6923076923076
C4735,2598.133333333333
C7412,2730.0
C7457,2545.266666666667
C1370,2669.846153846154
C2579,2489.75
C3860,2115.5
C7040,2627.9166666666665
C7038,2346.0
C5899,2261.4117647058824
C9936,1813.857142857143
C4038,2772.8571428571427
C3214,2882.3333333333335
C3556,2261.0833333333335
C4738,2671.2
C8332,2691.0
C5862,2312.3888888888887
C7221,2937.3076923076924
C8905,2419.5
C4335,2301.764705882353
C7471,2132.3333333333335
C6297,2077.0
C7532,2284.3636363636365
C3016,2311.769230769231
C5967,3132.6666666666665
C5955,2688.25
C2726,3036.2
C1516,2438.75
C1161,2904.222222222222
C9803,2494.777777777778
C8288,2965.714285714286
C1924,2123.846153846154
C9889,2908.0
C8431,3092.785714285714
C1588,3032.75
C5458,2380.0
C2026,3317.2
C7391,4060.3333333333335
C3624,2891.818181818182
C7704,2240.65
C1122,1492.25
C4977,1926.0
C3441,3993.214285714286
C8266,3373.153846153846
C1550,3264.5263157894738
C7382,2269.153846153846
C6115,3082.6111111111113
C2622,2512.6363636363635
C9233,1999.857142857143
C3888,1749.3333333333333
C7181,1953.857142857143
C5688,2269.5454545454545
C7374,2643.4
C9230,2080.785714285714
C2631,2383.9333333333334
C3638,2725.5384615384614
C8776,2474.0
C4755,2715.6470588235293
C3531,3078.5
C7439,3044.4615384615386
C8631,1783.4444444444443
C2331,1493.5
C3282,2373.235294117647
C3467,1904.4545454545455
C9676,2994.4285714285716
C3912,2021.75
C6263,2637.785714285714
C7009,3166.3
C8558,3071.1428571428573
C4838,2904.6666666666665
C9730,2222.5384615384614
C7062,1902.857142857143
C1203,3477.0
C4534,2093.5384615384614
C8263,1679.2
C9178,1418.4
C6142,2199.6428571428573
C7134,2278.6
C8162,3210.0
C8219,1937.75
C8532,2568.5333333333333
C8425,3436.9
C1750,2750.0833333333335
C2369,2513.0
C7864,2558.25
C9496,1848.5
C7146,2312.230769230769
C2862,2844.8
C3959,2998.8333333333335
C6589,1251.25
C4611,2135.823529411765
C7517,1786.75
C5738,2092.285714285714
C7322,2850.785714285714
C2820,1986.7777777777778
C3827,3026.923076923077
C3394,2757.4545454545455
C2626,2601.0526315789475
C1211,2937.818181818182
C1919,2197.5384615384614
C6289,3372.181818181818
C9869,1540.0
C1783,3169.714285714286
C5182,2522.733333333333
C3695,2278.625
C2561,2919.6666666666665
C7536,2932.5625
C4259,3832.714285714286
C4213,2953.866666666667
C2806,1310.357142857143
C8869,2259.3529411764707
C1099,2064.5
C7411,2688.0
C9203,2127.625
C3995,2630.1
C6962,1924.111111111111
C7809,1409.6
C8363,3633.818181818182
C9986,2725.6875
C2199,3078.3846153846152
C4007,3001.9166666666665
C8119,2376.823529411765
C2427,2617.6153846153848
C6412,3790.4285714285716
C1242,3224.25
C8536,2424.0
C9660,2419.1428571428573
C5964,1753.4545454545455
C8527,2293.153846153846
C7315,2544.4285714285716
C8970,3183.076923076923
C8140,3093.2
C4852,2577.6875
C6566,4074.6666666666665
C6044,4182.923076923077
C1712,2263.5833333333335
C2372,2191.3333333333335
C5512,1759.4117647058824
C8290,2700.222222222222
C4195,2879.5384615384614
C3247,3017.8571428571427
C3830,2794.8888888888887
C9555,2242.176470588235
C1622,1670.5714285714287
C4821,2350.0
C3270,3289.266666666667
C9597,2844.0
C3128,3180.8
C5211,2407.1111111111113
C8209,1756.8181818181818
C9862,1200.2222222222222
C8037,3574.777777777778
C5263,2213.818181818182
C5478,1951.05
C6307,3888.0
C6496,1803.75
C1018,2656.25
C1325,2496.6
C8786,2937.785714285714
C9642,2907.3636363636365
C4101,2013.0
C9055,2332.9545454545455
C5541,2813.2
C6083,2473.0
C1982,2654.818181818182
C2674,2117.529411764706
C3703,3044.5625
C3649,2520.866666666667
C2514,1567.0833333333333
C2341,2189.0526315789475
C4183,3054.0
C1913,2674.25
C9993,2354.3846153846152
C9640,2703.3636363636365
C6919,1703.2857142857142
C7929,2546.0
C1043,2863.266666666667
C7940,2229.764705882353
C5626,1902.5384615384614
C2749,2463.2
C6204,2751.5
C2880,2844.3076923076924
C9321,2116.0
C6169,2037.8461538461538
C8890,3175.9285714285716
C3794,1343.8333333333333
C9331,1916.888888888889
C9400,2555.923076923077
C5160,2014.6666666666667
C4107,3342.5
C9910,2476.1666666666665
C8574,2729.2
C9347,4423.857142857143
C5701,2986.5
C5271,3202.875
C9127,2674.714285714286
C8435,2076.0
C6040,3292.5
C9725,2667.3333333333335
C6983,2425.0833333333335
C5580,1856.888888888889
C4119,2122.5
C6369,2655.4166666666665
C4747,1723.4615384615386
C7876,2447.9
C5852,2978.6875
C7854,2272.0
C6122,1735.2727272727273
C8350,2936.5384615384614
C6927,2353.866666666667
C2794,2889.3
C5099,2154.846153846154
C3226,2355.9285714285716
C8092,3177.6666666666665
C4559,2893.764705882353
C2517,1984.4444444444443
C9372,2809.764705882353
C1612,2001.0588235294117
C7441,2099.0
C4870,2690.5384615384614
C6212,2022.25
C6950,2992.076923076923
C8769,2955.3571428571427
C7884,3202.3
C3637,2829.3571428571427
C9015,2092.0
C2531,1789.0625
C4623,1201.4
C2383,1871.6
C3616,3318.5
C2693,2932.818181818182
C1069,2823.684210526316
C1202,3045.4
C9727,3007.846153846154
C6654,2629.0
C1296,2376.5714285714284
C4855,2069.3571428571427
C2580,3101.5
C4581,3093.75
C2401,1992.9
C3904,1807.125
C7969,3117.1
C7880,1630.4444444444443
C3749,2510.181818181818
C3082,1687.5714285714287
C1644,3000.7894736842104
C1565,3327.5
C4689,1043.2857142857142
C8986,2451.0714285714284
C4572,1926.8
C4314,3304.9473684210525
C2324,2293.0
C8369,2540.8333333333335
C9661,2089.7
C6213,2097.4285714285716
C9126,2546.9285714285716
C4451,2725.6363636363635
C3978,2926.3846153846152
C1391,2502.3636363636365
C8403,3321.733333333333
C2947,2318.6363636363635
C5978,2486.923076923077
C1682,2444.4166666666665
C7329,3451.4166666666665
C6327,2362.0714285714284
C1583,2009.888888888889
C3652,2265.4166666666665
C8398,2297.6153846153848
C4387,2813.375
C8358,3754.1
C2752,2917.0
C5597,2387.6875
C7697,2684.5238095238096
C3500,1683.7777777777778
C9985,1745.7
C1948,3879.818181818182
C7094,2885.25
C7463,2526.1428571428573
C5159,4184.818181818182
C6013,2393.2
C3694,3673.4285714285716
C2360,2032.4615384615386
C2094,2610.076923076923
C4918,2913.6428571428573
C6428,1906.0
C9938,1834.8
C8689,2089.2727272727275
C2968,2228.777777777778
C5008,2328.6666666666665
C9128,2924.0
C3856,2515.230769230769
C8778,2214.266666666667
C9156,2578.8333333333335
C9644,2976.222222222222
C4033,3182.3
C1406,2229.6428571428573
C3614,2617.3636363636365
C4248,1486.7142857142858
C1598,1947.3
C7399,1754.0
C8796,3751.733333333333
C5623,2547.1111111111113
C6447,1984.7142857142858
C5653,2415.4166666666665
C8654,1182.8
C5448,2417.25
C3040,2744.1666666666665
C6385,2640.777777777778
C5021,2723.153846153846
C2808,3132.5833333333335
C6724,2496.733333333333
C5694,2290.9166666666665
C9610,3312.153846153846
C5128,2767.6363636363635
C7113,2051.8333333333335
C1124,2788.6153846153848
C2589,1261.857142857143
C7709,2191.65
C6714,2864.8
C3701,1216.3
C2420,2382.1428571428573
C8277,2476.909090909091
C4711,1832.4444444444443
C1089,2411.153846153846
C4047,2249.5714285714284
C4200,1661.8333333333333
C9265,2611.2727272727275
C9980,1892.5
C9806,2839.5714285714284
C5736,2383.3333333333335
C3206,1857.2307692307693
C6257,2392.0
C9118,2369.5454545454545
C5484,3748.181818181818
C3849,2139.222222222222
C5386,3511.0588235294117
C4444,3305.6
C7243,2077.3333333333335
C8683,2910.1
C6426,2190.294117647059
C1147,3357.4
C9711,2387.214285714286
C7098,1490.090909090909
C5259,3004.0
C7872,2549.3571428571427
C9441,3094.2
C8275,3104.1
C8360,2565.6923076923076
C8251,3835.5
C3417,2413.0
C7003,2197.090909090909
C8744,2789.5833333333335
C9955,2309.785714285714
C3675,1449.090909090909
C2177,2584.1111111111113
C1802,2906.0
C3389,3480.3333333333335
C3966,2319.5454545454545
C5794,2522.875
C1048,1368.6363636363637
C6704,3734.230769230769
C4749,2006.0
C1362,2613.4545454545455
C6419,1168.4285714285713
C2036,1338.3846153846155
C4876,2707.5454545454545
C6288,2509.0
C2173,2287.8333333333335
C4061,2103.0
C6442,2669.125
C7930,2944.818181818182
C8057,2855.9375
C7193,2834.181818181818
C9418,2620.3846153846152
C6367,2447.6153846153848
C7687,2633.5
C7182,2324.777777777778
C2740,2277.6923076923076
C8380,2333.1428571428573
C2518,3039.3125
C6828,2895.769230769231
C3445,2912.470588235294
C9721,1804.1333333333334
C6469,2839.6428571428573
C4593,3537.0
C3281,3115.0625
C6311,2455.3125
C1470,2220.3571428571427
C3822,3881.1
C4550,1754.0
C9954,1996.5
C7286,2489.1428571428573
C1492,980.5714285714286
C7481,2069.8571428571427
C7318,2362.4
C2054,1777.9166666666667
C9112,1983.0
C5361,3672.8333333333335
C6933,2014.9
C1363,1502.0
C2232,2235.75
C3536,3682.6363636363635
C1238,2017.0
C9427,2152.5
C4943,2733.5882352941176
C5459,1853.1538461538462
C4266,1690.2857142857142
C8576,2476.9285714285716
C7021,2493.769230769231
C1225,3062.0588235294117
C8051,2533.0
C2573,2678.4
C4839,3246.6153846153848
C7138,2589.7
C5971,1930.125
C5515,2422.3846153846152
C9557,2487.846153846154
C4742,1929.0
C6918,2243.705882352941
C3997,2573.5384615384614
C1697,3031.6666666666665
C7766,868.4
C5200,4063.9
C2732,1982.5
C9785,2940.153846153846
C6397,2973.0
C6907,2738.733333333333
C1271,2734.6666666666665
C8320,3604.8
C2701,2031.5714285714287
C2642,3177.4210526315787
C6205,1652.0
C1960,2952.0
C1985,2388.6666666666665
C9332,2523.6
C1777,2384.0
C9901,3374.6111111111113
C7209,3599.25
C2768,2600.769230769231
C4790,1404.5
C4312,1857.1904761904761
C4439,3146.0
C9302,2205.8823529411766
C7870,2115.0
C4499,2846.25
C3977,2019.090909090909
C5896,2378.1111111111113
C2296,2204.076923076923
C4437,3110.8333333333335
C1464,2946.714285714286
C4406,2132.923076923077
C8681,2762.222222222222
C4470,1655.8666666666666
C3437,1523.6363636363637
C2883,2799.5454545454545
C5930,4325.909090909091
C5654,2903.3636363636365
C5145,3438.6666666666665
C5732,2994.5
C1818,2623.1
C2903,2639.5714285714284
C7372,3490.1428571428573
C6851,3248.0
C4341,1854.5714285714287
C6233,3073.8333333333335
C3672,2651.9
C2086,2628.0
C4842,2930.0
C9921,2290.0
C8222,2071.875
C4037,2761.818181818182
C8729,2819.1666666666665
C4555,2344.818181818182
C1395,2203.818181818182
C2093,2805.733333333333
C8137,2387.5
C6248,2638.0714285714284
C1820,2987.9375
C8165,2559.090909090909
C6884,2314.090909090909
C9240,2344.9166666666665
C6480,2637.5833333333335
C7955,2765.0
C1725,1472.5
C4207,2207.75
C5142,2152.909090909091
C9201,1281.6190476190477
C6937,2931.4285714285716
C2078,3612.5555555555557
C1431,2868.5
C4515,3199.285714285714
C5496,1943.3333333333333
C3900,2584.214285714286
C2975,2210.6363636363635
C4218,2629.4615384615386
C8192,2225.25
C7150,2519.0
C8878,2232.5882352941176
C1234,2581.0
C8648,3247.285714285714
C7403,4003.923076923077
C4717,2279.5555555555557
C7219,1857.4545454545455
C4526,2781.4285714285716
C7792,2899.3846153846152
C4509,2127.714285714286
C5981,2664.785714285714
C6259,2291.5833333333335
C6354,1969.6
C5630,2114.1666666666665
C3529,2412.777777777778
C2020,2643.75
C5066,2226.0
C8024,3590.3333333333335
C7798,1708.7272727272727
C9359,1865.6666666666667
C5154,2006.75
C3882,2170.1428571428573
C3803,2292.75
C1149,3152.923076923077
C7362,2424.769230769231
C7157,2711.5555555555557
C4418,2247.842105263158
C4393,2512.5384615384614
C3578,3097.9
C1771,1400.0
C2804,2229.923076923077
C8644,3366.4285714285716
C2395,2206.714285714286
C3068,2705.6470588235293
C3091,2906.818181818182
C1483,3083.0
C3582,3128.6363636363635
C8884,2446.8
C1606,1497.75
C8826,2625.6428571428573
C8958,2395.1428571428573
C1057,2226.277777777778
C7118,2534.6363636363635
C7427,2371.714285714286
C3359,2019.3
C1611,2245.4166666666665
C8238,2440.1111111111113
C5401,2649.7894736842104
C6588,3483.4615384615386
C6821,2776.3636363636365
C9903,2375.05
C8610,2089.75
C9689,2186.5384615384614
C3187,2310.842105263158
C9360,2052.9285714285716
C9945,1980.6666666666667
C9480,3074.5
C7827,4656.0
C1584,2554.090909090909
C5920,2628.529411764706
C2646,2559.625
C2305,2967.4210526315787
C2548,2655.8571428571427
C5229,2816.8
C6408,3226.777777777778
C4224,2836.230769230769
C4527,1599.111111111111
C7304,2303.157894736842
C5516,2899.6666666666665
C6201,1666.0
C6646,1658.4285714285713
C2995,2751.777777777778
C2963,2731.1111111111113
C2434,3342.6428571428573
C4010,2282.125
C3814,2657.2
C7656,1911.5333333333333
C1310,2155.0
C5582,2085.4666666666667
C7960,2718.625
C9255,3356.5789473684213
C3834,2304.6
C5800,1921.5
C5189,1666.5833333333333
C7019,2577.8888888888887
C9981,2652.9333333333334
C3905,2273.9444444444443
C6596,1912.8235294117646
C4953,2445.6
C6965,2251.8888888888887
C7658,2403.8823529411766
C8155,2577.625
C4392,3525.769230769231
C1991,1791.1666666666667
C4317,2508.4
C4797,2964.9166666666665
C2948,2538.153846153846
C5643,2331.4
C2485,3522.1666666666665
C2323,2046.0
C1437,1717.625
C8927,2611.3846153846152
C5510,1786.5
C5440,2372.4285714285716
C6863,2526.625
C7223,2338.391304347826
C8232,3845.6666666666665
C1716,2720.285714285714
C7691,2101.6428571428573
C2515,2546.6923076923076
C3742,2447.3125
C6373,2292.0
C8933,2818.8571428571427
C4656,2619.8888888888887
C8058,2630.0666666666666
C9659,2009.142857142857
C9462,3076.9473684210525
C8710,3043.1111111111113
C2890,2134.090909090909
C5480,2194.6428571428573
C3894,2950.4615384615386
C2099,1552.0
C6476,2538.222222222222
C9379,1824.3
C4179,2300.9
C8187,2908.866666666667
C1426,2011.7
C2542,2079.2
C6225,3217.6363636363635
C4562,2366.529411764706
C9867,2146.3076923076924
C8478,2580.1
C1929,2221.4
C2879,2565.846153846154
C6518,2400.8571428571427
C1371,3378.8333333333335
C6759,1601.6
C6802,1787.888888888889
C9189,2850.75
C2225,2213.6666666666665
C5474,2595.8
C8462,2272.7272727272725
C5566,2615.3636363636365
C8828,2621.0
C5371,2193.8888888888887
C5788,2318.5
C1751,2983.3846153846152
C9250,1634.5333333333333
C6274,2561.923076923077
C9071,2210.0
C9757,2140.153846153846
C9972,2483.3571428571427
C7377,2506.6363636363635
C6173,1940.3333333333333
C6287,2675.090909090909
C9463,2565.4
C6887,3179.153846153846
C7317,2129.818181818182
C6914,1656.0833333333333
C8185,2291.294117647059
C1459,2380.6153846153848
C5475,3773.6363636363635
C1034,1741.6153846153845
C2694,2280.1176470588234
C2756,2761.125
C2675,2291.2
C3115,2561.9166666666665
C9830,2779.9333333333334
C1324,2980.1666666666665
C8599,2913.2
C4163,2542.0714285714284
C1793,2470.818181818182
C5848,1524.5555555555557
C2017,1714.6842105263158
C1292,2116.1875
C7560,2990.25
C4411,2759.1428571428573
C6264,3259.0
C2231,2308.818181818182
C4361,1848.8461538461538
C4885,3448.8888888888887
C5387,2721.4444444444443
C3862,3068.0666666666666
C5996,2689.5
C9003,2252.0
C8668,1160.0
C2738,2131.4615384615386
C3866,3105.4166666666665
C8570,2930.4285714285716
C8348,2038.8333333333333
C7431,2972.909090909091
C1597,2895.0
C7666,2947.1
C8227,2849.1428571428573
C3593,1838.75
C9501,2096.1304347826085
C1922,1554.0
C8961,2780.1666666666665
C1264,2215.625
C5559,2571.153846153846
C2633,1998.28
C3330,1309.090909090909
C6121,2059.2727272727275
C3367,1681.8
C7068,2927.6666666666665
C3361,2330.4166666666665
C9960,2108.714285714286
C6629,2762.1428571428573
C9423,2299.4285714285716
C1484,2068.9
C8560,2528.5
C6749,1892.6
C7316,2534.75
C1469,3036.8333333333335
C5750,2582.1
C7665,941.75
C1621,1791.125
C7987,2840.1428571428573
C8854,2720.5
C8810,2067.3
C5257,2805.3636363636365
C4169,2335.214285714286
C7451,2600.133333333333
C1435,2983.8
C6308,2215.3636363636365
C4041,2658.3076923076924
C1175,2459.285714285714
C1640,2274.0
C6133,2380.4117647058824
C1736,2422.25
C9426,2176.222222222222
C5067,2755.0555555555557
C7367,2936.4615384615386
C5074,3327.9375
C1170,2821.0
C7290,3299.823529411765
C5897,2965.2727272727275
C2343,2825.176470588235
C8225,1760.8333333333333
C5197,3053.8333333333335
C5766,2044.75
C5205,2771.5
C7956,2634.0
C4861,2831.2
C5659,2822.823529411765
C8739,3016.9375
C9629,2719.0
C5910,2491.6666666666665
C6805,2424.4444444444443
C4713,2506.909090909091
C1533,2761.0
C3486,3041.0714285714284
C5143,3104.230769230769
C9420,1728.1538461538462
C2481,3248.0
C6899,2339.3076923076924
C4258,3388.0
C1190,2986.875
C5357,2320.25
C7539,2218.866666666667
C9621,2685.0
C9850,3554.4
C8424,3111.0625
C5206,1407.0555555555557
C2986,3056.6428571428573
C4445,2555.125
C5320,2822.3571428571427
C7812,1303.0
C6285,2866.6
C4650,3453.1875
C4301,2726.875
C5315,2598.785714285714
C4781,1959.0
C6644,2808.529411764706
C4008,2593.2727272727275
C4192,2866.3636363636365
C6192,3210.5333333333333
C8060,2791.5384615384614
C4460,3111.75
C2865,1712.4285714285713
C8338,2051.6923076923076
C2261,3059.5833333333335
C9131,2491.8
C3852,3127.0625
C7578,2930.3571428571427
C8777,1624.1666666666667
C7313,2000.9444444444443
C8020,2806.8333333333335
C9311,2009.388888888889
C4848,3160.3333333333335
C5425,2010.0
C4412,2241.6
C4690,2959.25
C4858,3346.5
C1061,2486.0666666666666
C2105,2458.4166666666665
C1832,2608.214285714286
C5579,2857.375
C5112,2182.6666666666665
C1197,2438.6470588235293
C8587,2543.5
C4394,2854.9333333333334
C2789,2250.6363636363635
C4483,2563.6666666666665
C9645,2717.133333333333
C2901,2907.8333333333335
C8989,2514.6923076923076
C7830,2675.3
C3146,2193.375
C9191,1713.6666666666667
C6998,2964.230769230769
C1031,2460.181818181818
C7258,2298.0
C5218,2266.9
C6434,2643.8
C2822,2962.1176470588234
C2108,2841.5714285714284
C5208,2354.769230769231
C3773,2407.2727272727275
C8781,2963.125
C7521,2389.5
C1494,3410.2105263157896
C2198,1311.8333333333333
C8543,3413.4166666666665
C9382,2628.375
C4332,3119.9166666666665
C4679,2346.5333333333333
C9125,1481.9285714285713
C8825,3033.714285714286
C9550,2837.923076923077
C8009,2192.3571428571427
C2830,3331.909090909091
C8708,2300.5384615384614
C7232,2217.285714285714
C1430,2548.409090909091
C7847,2796.5833333333335
C5941,2401.7272727272725
C2873,3551.8571428571427
C2895,3081.9375
C1064,2011.0
C7794,3720.909090909091
C6454,1716.9545454545455
C4964,2285.6
C9447,2681.5
C3252,2874.3846153846152
C7661,2360.181818181818
C3021,2129.6666666666665
C4970,2213.2
C1013,2305.6923076923076
C7866,2338.8333333333335
C1514,2801.9411764705883
C7312,2981.75
C9411,3057.1111111111113
C4090,2484.1428571428573
C5043,2681.6666666666665
C9565,3008.75
C2776,2597.5882352941176
C1232,2418.470588235294
C7460,3701.923076923077
C4336,2728.0
C9313,2056.230769230769
C5832,2598.85
C3868,2146.866666666667
C5739,2018.8
C4201,2127.285714285714
C9490,2779.285714285714
C5682,2579.6666666666665
C4277,2637.5833333333335
C4947,2155.4444444444443
C7585,2371.076923076923
C4191,3209.75
C6497,1259.5555555555557
C3661,2640.8571428571427
C7361,2146.133333333333
C9535,2665.4166666666665
C5812,2556.8571428571427
C8139,3547.9166666666665
C8651,1997.2727272727273
C5592,1966.3076923076924
C1480,2449.4761904761904
C2944,2221.4
C3881,3246.0
C9841,2349.05
C8848,1995.7777777777778
C1885,2151.090909090909
C9025,2888.909090909091
C2562,3992.25
C1255,1919.0666666666666
C2016,2474.5
C3789,2443.0
C6539,2514.0833333333335
C2001,1936.25
C5927,2543.5384615384614
C4779,2553.785714285714
C3289,2357.5454545454545
C8221,2962.6
C2878,1632.1
C9324,1595.2222222222222
C9978,2519.0
C8321,2450.0
C6392,2579.5
C6475,3145.0
C4461,3233.3333333333335
C1046,3470.153846153846
C9740,3857.076923076923
C5878,1150.5
C6560,2638.714285714286
C4484,2739.222222222222
C2682,3161.3636363636365
C8874,2253.4
C2652,2250.0
C1216,2722.909090909091
C9541,2027.0
C1071,2859.846153846154
C1045,1576.8333333333333
C1134,2313.8
C5258,2776.923076923077
C6033,2879.3076923076924
C9270,1580.5
C8158,2508.777777777778
C7364,2001.888888888889
C6720,2748.8571428571427
C7625,2638.818181818182
C8110,2146.5555555555557
C3568,2317.55
C3353,2835.4666666666667
C7091,2727.4
C8284,2718.4285714285716
C2786,1696.6666666666667
C2244,1395.2857142857142
C9002,2933.9
C5898,3278.5714285714284
C4836,2987.222222222222
C7085,3035.4285714285716
C2767,2349.777777777778
C5902,2368.56
C3980,2728.4444444444443
C6657,1849.5384615384614
C1861,4623.0
C8934,2054.8333333333335
C1282,1453.75
C7985,2185.6363636363635
C6682,2846.4210526315787
C9056,2440.0555555555557
C5712,2642.0833333333335
C5904,2314.222222222222
C6578,1599.5714285714287
C8635,2414.5384615384614
C4911,3104.3076923076924
C5894,3268.4
C6947,2528.0
C8881,2884.4285714285716
C7743,2375.5384615384614
C7280,2990.230769230769
C3968,2748.5
C1766,3788.0
C5531,3146.375
C5616,3492.8333333333335
C2377,3104.5
C9325,1917.8461538461538
C6231,1356.909090909091
C8499,2467.85
C4000,2330.0
C3781,2656.3636363636365
C2594,2732.181818181818
C9261,2302.769230769231
C7678,2393.8888888888887
C6359,1417.5625
C4046,2437.5555555555557
C8738,3067.6111111111113
C7166,2569.0833333333335
C1273,3574.3571428571427
C9317,2475.090909090909
C8002,2901.785714285714
C1749,2233.4666666666667
C3435,2761.705882352941
C5283,2622.0
C5821,3689.6363636363635
C4975,4130.222222222223
C5022,2906.7
C1754,2832.777777777778
C9049,3042.176470588235
C8014,3072.705882352941
C7638,2907.714285714286
C1466,3256.9285714285716
C6643,2566.235294117647
C1072,2716.9
C9383,1805.5
C9183,2018.4705882352941
C4325,2461.3846153846152
C7783,2785.5882352941176
C7740,1972.8333333333333
C3524,2240.222222222222
C3546,3498.8
C7500,3070.0
C6663,1804.8333333333333
C7675,3015.2727272727275
C4413,2972.5
C5670,2431.75
C5243,2137.6923076923076
C1015,3203.4545454545455
C2910,2072.0
C9326,1871.5454545454545
C4857,2486.4
C7619,2781.090909090909
C1843,2530.1666666666665
C9779,2410.1875
C9961,2916.8888888888887
C4142,2284.75
C3242,2663.2727272727275
C3607,4275.4
C7486,3119.4166666666665
C2262,2208.266666666667
C6758,2738.3636363636365
C5789,2213.823529411765
C6594,2238.3846153846152
C3100,1945.142857142857
C6425,2126.5882352941176
C5375,2633.733333333333
C9517,2899.5714285714284
C2790,2599.8333333333335
C4981,1993.7857142857142
C9995,1870.3333333333333
C8197,2355.9285714285716
C1011,2502.5
C6191,2123.0714285714284
C5723,2842.5
C1297,2342.4666666666667
C6746,2600.4117647058824
C6145,3008.9285714285716
C4029,2415.5714285714284
C3743,2194.6666666666665
C4507,2704.3333333333335
C3922,1805.2857142857142
C3723,2310.7
C7105,2931.75
C7796,1677.5
C8514,3181.909090909091
C6978,2420.1111111111113
C4681,1824.5625
C4187,2980.214285714286
C3372,2695.3333333333335
C7119,1901.5
C7030,1861.2666666666667
C8021,2361.157894736842
C4698,3471.25
C4872,2985.733333333333
C4040,3010.8333333333335
C5666,2565.5454545454545
C4104,2838.529411764706
C5552,2463.7
C5254,2859.15
C7215,1864.6470588235295
C3771,2260.0
C8122,4084.0
C9691,1857.375
C9911,1983.3076923076924
C8582,2269.8333333333335
C3165,4201.6875
C7051,2433.0833333333335
C7551,3224.3076923076924
C7741,2704.8
C9941,2317.25
C3116,3660.285714285714
C3208,2166.3
C2930,2261.625
C5970,2700.285714285714
C5731,2930.0
C4935,2824.3
C4532,2561.1666666666665
C4110,3068.5384615384614
C5991,2936.909090909091
C1705,3750.909090909091
C8910,1692.8
C8820,1869.5714285714287
C6528,3013.8125
C5989,2824.909090909091
C9663,2974.1
C9738,2758.1666666666665
C4274,2081.1
C7417,2236.625
C8291,2200.5
C7173,2874.5714285714284
C5076,3177.7
C3523,2603.0714285714284
C1544,1649.4166666666667
C2213,2952.7272727272725
C1106,1740.642857142857
C7435,1980.2142857142858
C7014,2454.75
C5019,2510.3333333333335
C2657,1963.75
C8662,2363.3636363636365
C2985,1662.0
C5001,2569.25
C6586,1560.4615384615386
C7087,2186.75
C8925,1886.3684210526317
C4737,3149.133333333333
C7726,3126.6
C1270,1962.3333333333333
C7565,2626.4117647058824
C1329,2071.6
C9728,2880.625
C7366,2520.4666666666667
C6473,2336.782608695652
C1442,3021.5555555555557
C7120,2223.1666666666665
C7729,2277.125
C1387,3213.8125
C6684,2851.1428571428573
C9763,2065.769230769231
C3660,3181.6153846153848
C7464,2860.923076923077
C8017,2053.4
C9956,1852.4285714285713
C9086,2571.0
C2503,1899.142857142857
C4835,1625.3076923076924
C8354,2780.866666666667
C2454,2586.0666666666666
C2023,3682.9166666666665
C5429,2695.2
C8456,2356.8
C4647,3561.6153846153848
C3304,3526.818181818182
C4168,2591.6875
C9394,2801.764705882353
C9031,2165.4375
C8472,2701.0588235294117
C9141,2280.153846153846
C7576,2170.9375
C5689,2337.4166666666665
C9306,3009.0
C4976,2610.0
C2728,1559.6
C5965,2343.5
C1050,2672.277777777778
C9486,3129.8333333333335
C3969,3131.076923076923
C7671,2833.1428571428573
C4602,2051.9444444444443
C4796,2099.0833333333335
C2496,2986.5625
C8304,2374.0
C4186,3047.5
C1360,1972.0
C8973,2481.8125
C1685,1925.125
C5554,1990.5263157894738
C2435,2020.5714285714287
C4883,2987.4545454545455
C1881,2400.1111111111113
C4076,1928.5384615384614
C1074,2690.05
C2563,2830.4285714285716
C2202,3203.5
C4433,2805.1
C8258,1622.0
C2828,3374.6666666666665
C5629,1780.75
C6065,2913.3
C4757,2874.4736842105262
C4767,2939.8571428571427
C1733,2226.4545454545455
C2611,2325.125
C9300,2380.090909090909
C9999,2167.818181818182
C6846,3957.181818181818
C8394,2675.818181818182
C1836,2929.2
C8237,1672.4166666666667
C5120,2232.0
C7832,2800.4444444444443
C7917,2024.5833333333333
C5741,2507.5333333333333
C4457,2902.5333333333333
C3044,3121.1
C8207,2806.6666666666665
C7371,1767.1875
C4232,2384.470588235294
C5826,2111.0
C1227,2579.0666666666666
C3798,2557.818181818182
C8460,2544.0
C9487,1749.7272727272727
C8086,2185.4347826086955
C3963,3182.0625
C1848,2411.36
C8101,1957.9
C1790,1381.0
C6744,3472.0
C3488,2791.777777777778
C4539,2160.4444444444443
C2147,2687.9
C1969,3865.5833333333335
C8664,1152.111111111111
C4018,3446.1666666666665
C1867,1885.4
C5633,2571.0
C7948,2666.1875
C3477,3201.6
C3562,2483.3125
C3887,2473.777777777778
C7015,3028.8
C3212,2002.888888888889
C3324,3009.2
C5213,2449.0588235294117
C2184,2275.6666666666665
C9277,2617.25
C2742,2572.5882352941176
C4884,1911.5
C3934,2710.1111111111113
C5608,2887.0833333333335
C8503,2409.0
C8206,1738.6666666666667
C8773,3205.4545454545455
C2290,1882.357142857143
C5079,1923.0588235294117
C7490,2390.0
C8336,2371.8
C9697,2731.4375
C3876,2156.1
C9052,2351.6666666666665
C9484,3165.6666666666665
C4351,2752.0
C8709,2694.0625
C9861,2942.0
C2671,2488.1428571428573
C2763,2537.1
C6402,2362.2105263157896
C1656,1500.4444444444443
C5937,2245.0625
C8347,2746.375
C5157,3176.6153846153848
C9926,1687.5
C7359,3360.6666666666665
C6073,1410.0
C8813,2140.0
C3255,3019.8125
C9137,1883.625
C8081,2481.625
C5430,1929.3076923076924
C2111,2493.176470588235
C6239,934.0
C2393,2030.0454545454545
C8141,2347.75
C6024,2037.2222222222222
C1945,1544.3333333333333
C9832,1483.1538461538462
C2307,2794.5714285714284
C4356,2892.0
C2754,3296.0
C6729,2241.5384615384614
C7593,2145.9411764705883
C5302,2823.285714285714
C9843,1679.2
C7860,2923.9166666666665
C3654,2135.2727272727275
C9113,2216.6
C2190,2430.8125
C3974,2185.4615384615386
C9786,2113.6666666666665
C3228,2139.1
C5523,2810.0666666666666
C4313,2365.0
C2664,2526.9166666666665
C6683,1279.8333333333333
C2005,3121.875
C1246,3107.6666666666665
C5724,3557.5714285714284
C3054,3182.2
C9124,3792.8333333333335
C6041,4105.25
C3705,2832.6153846153848
C1925,3188.75
C9309,3150.8571428571427
C3666,1591.3333333333333
C7339,1720.25
C8564,2225.1666666666665
C4212,1944.5333333333333
C7686,2842.3333333333335
C8897,2545.25
C8583,1892.3333333333333
C6523,3644.375
C6930,2528.5
C3650,1094.3333333333333
C4806,3110.8333333333335
C1445,2859.090909090909
C2803,2995.6153846153848
C9692,1598.5
C6668,3776.4285714285716
C7449,3223.8333333333335
C6605,2389.9
C3551,2139.2
C6001,1678.7
C6316,2416.153846153846
C6692,2276.3571428571427
C3037,3582.470588235294
C3657,3580.375
C5718,2942.1428571428573
C6716,2321.2727272727275
C4933,2749.6666666666665
C8126,2626.133333333333
C5913,2191.266666666667
C4067,2259.8888888888887
C6465,3518.6153846153848
C7443,2262.6875
C4023,2029.6666666666667
C5746,1644.357142857143
C1986,2719.2727272727275
C5824,2615.181818181818
C9932,1670.5
C1779,3107.230769230769
C4516,2051.818181818182
C7489,2587.090909090909
C6253,2679.235294117647
C9121,2474.785714285714
C5422,1508.5714285714287
C9439,2956.4545454545455
C7257,2306.7272727272725
C8167,2175.529411764706
C6080,2790.0416666666665
C4250,2767.5
C6215,2250.470588235294
C9021,3021.0625
C5045,2192.75
C8182,1281.0
C4068,2058.0714285714284
C7369,2665.2
C9522,1589.5
C8667,1921.7142857142858
C4664,2987.7
C9180,2033.125
C7765,2157.923076923077
C5414,2170.3076923076924
C9491,2523.25
C2399,2508.5
C9810,2255.181818181818
C6226,2670.25
C7744,3559.25
C3002,2369.3333333333335
C8145,2375.3333333333335
C8633,1610.25
C3072,3161.235294117647
C5433,2730.470588235294
C2774,3026.076923076923
C5537,1630.857142857143
C5196,2753.1
C9040,2057.1176470588234
C1177,3236.25
C5923,1578.0
C2799,2214.8888888888887
C7282,2707.4285714285716
C1138,3064.9285714285716
C5846,2268.3846153846152
C7473,2817.55
C7699,2378.5
C8978,2690.4
C5799,3353.1666666666665
C1977,2776.9166666666665
C3392,2123.4
C2555,3114.6
C2877,2125.5555555555557
C2906,2713.3333333333335
C8311,1696.8666666666666
C5679,1305.6666666666667
C9736,1731.0
C5000,2652.75
C6623,2391.3571428571427
C3205,3083.9375
C1490,2409.3571428571427
C6224,2270.1666666666665
C1235,1903.4666666666667
C3879,3124.230769230769
C8099,2146.153846153846
C3160,1985.9166666666667
C3915,2215.3529411764707
C9964,3243.8888888888887
C5866,2504.125
C8172,3287.266666666667
C1452,2647.25
C2107,2357.3125
C9241,3309.375
C1327,2863.846153846154
C6794,2345.4444444444443
C5305,3268.1875
C6697,2809.6
C6277,2225.375
C9443,1271.923076923077
C6953,2993.3636363636365
C8984,1993.888888888889
C2834,2395.5833333333335
C9467,2643.5454545454545
C7702,3471.0
C3399,2663.3636363636365
C9918,3400.4
C3065,3134.375
C7555,2715.375
C6086,2642.3636363636365
C1458,2662.3846153846152
C7941,2235.5
C9897,3068.9166666666665
C2709,2634.153846153846
C2229,2839.875
C6577,2442.5
C1840,1757.1
C7642,3269.9285714285716
C7469,1319.125
C2139,2326.1
C7110,3169.25
C7752,2744.4444444444443
C6535,2539.9375
C5467,2527.8888888888887
C2491,3165.4166666666665
C9899,2162.0
C8013,2501.1666666666665
C3000,2590.705882352941
C5813,2434.1666666666665
C2530,2144.3076923076924
C6364,1382.3333333333333
C3462,2199.0
C4066,3749.0
C3510,3664.7272727272725
C4567,3058.5882352941176
C5090,2900.9285714285716
C7325,2059.769230769231
C4280,1660.1818181818182
C1734,2147.4375
C8902,2763.5384615384614
C7840,2326.0666666666666
C5011,2733.4736842105262
C4027,2569.235294117647
C1136,3209.3333333333335
C9330,3738.0
C1778,1838.909090909091
C2672,2155.818181818182
C9276,1553.6666666666667
C3288,3341.8888888888887
C3416,2484.842105263158
C9822,1768.0833333333333
C8186,3095.8
C1180,3280.714285714286
C6200,2694.375
C9890,3427.5384615384614
C9020,1934.3333333333333
C5601,2378.4375
C6742,3096.285714285714
C3470,3031.714285714286
C2285,2850.3
C5819,1515.875
C1589,3519.923076923077
C1301,2976.0
C1930,2394.923076923077
C3525,2344.681818181818
C5193,2887.866666666667
C2359,2826.9411764705883
C1926,2276.8333333333335
C2578,1974.25
C9856,2330.5
C1573,2422.8
C5860,2433.923076923077
C2380,1687.2222222222222
C8046,2306.8823529411766
C2022,2778.1666666666665
C4375,1877.5882352941176
C5924,2966.4615384615386
C4891,2580.8571428571427
C2929,2947.5384615384614
C4864,2748.8571428571427
C8271,2068.823529411765
C3792,2648.6470588235293
C7566,2093.4375
C6680,1785.1818181818182
C1377,3092.6111111111113
C1858,2217.0714285714284
C2466,2145.5
C8534,2694.0
C2165,1680.0
C7790,2613.5454545454545
C9957,2611.5
C9820,2494.25
C7885,2142.6923076923076
C4145,2574.875
C9963,2700.4
C5901,2653.6470588235293
C5977,3492.1
C9323,2250.181818181818
C7330,2346.923076923077
C4600,2405.4375
C2048,3124.181818181818
C8485,1449.75
C4998,1765.111111111111
C7775,2658.0666666666666
C4159,1507.0714285714287
C9352,3201.5714285714284
C4256,1757.5
C7727,2598.5555555555557
C1593,3263.5
C8943,2585.1111111111113
C5645,1689.8
C5161,2632.3333333333335
C1361,3728.3846153846152
C5308,2011.6666666666667
C9260,1239.5
C6891,3775.875
C3336,2115.0
C7857,2131.0
C1546,2947.1666666666665
C1033,2179.0625
C5059,2051.714285714286
C1554,3424.866666666667
C6243,2366.722222222222
C8885,2393.5833333333335
C8614,2297.3333333333335
C9460,2150.222222222222
C1993,2835.6666666666665
C9628,2357.818181818182
C6773,2133.4545454545455
C7390,2431.285714285714
C7324,1785.6666666666667
C1244,2693.2105263157896
C6711,1533.4
C1405,2910.3
C4226,2475.6666666666665
C1092,2039.1
C4306,1986.2857142857142
C4547,2563.6666666666665
C4636,2367.4444444444443
C2333,2239.6666666666665
C4699,3604.1
C5958,2251.1428571428573
C2755,1892.7142857142858
C2614,2328.5454545454545
C1700,4045.8333333333335
C4348,2155.1666666666665
C1940,2082.4545454545455
C7761,1305.909090909091
C2352,1988.3
C1663,2429.6666666666665
C5391,3116.0
C3229,2228.0
C4279,2457.8333333333335
C4263,2189.6470588235293
C4589,2453.85
C3351,2858.5333333333333
C5431,1902.923076923077
C2533,2646.3
C1137,2446.176470588235
C6633,2628.785714285714
C9091,3782.0
C2501,2480.1875
C1747,2176.9
C8872,1465.7142857142858
C2259,2722.1666666666665
C6375,2820.9
C3697,3480.0
C8067,2876.9
C1513,2303.818181818182
C3231,3616.9333333333334
C5133,2344.714285714286
C6460,3450.294117647059
C7074,2420.25
C1309,3314.8125
C4299,3467.125
C3207,3223.0625
C4521,3341.181818181818
C1979,2240.4545454545455
C1813,2231.6470588235293
C5040,3459.1875
C2133,2557.0
C9067,2554.0
C8359,1746.5
C5795,1839.25
C8645,2820.75
C4032,2737.285714285714
C8030,1983.7692307692307
C4238,1840.3076923076924
C3752,2480.9285714285716
C5879,2549.4166666666665
C9811,2094.0
C1849,2653.6
C4772,3099.5333333333333
C5528,1960.75
C8205,1681.75
C6799,2352.1428571428573
C7384,1883.0
C8429,3792.133333333333
C8280,3278.5454545454545
C8012,2348.25
C4463,3382.2
C2487,1521.9
C4464,2027.4545454545455
C5873,2037.357142857143
C9529,2074.2
C5180,2760.0
C9562,2010.857142857143
C3456,2723.5384615384614
C3819,2406.6428571428573
C7183,2352.6875
C3493,2530.3846153846152
C2615,2493.3571428571427
C5498,2225.3076923076924
C1737,3250.181818181818
C3149,4044.5833333333335
C6688,3040.3125
C6934,3391.9444444444443
C6656,2595.125
C4170,1907.6666666666667
C6675,4182.7692307692305
C3098,3713.090909090909
C1819,2766.5555555555557
C1077,2603.1
C9351,2208.1428571428573
C2757,2316.9
C4712,2488.375
C7072,3110.7272727272725
C7587,2224.5
C1148,2257.785714285714
C9682,2983.875
C6023,2550.714285714286
C2349,2859.1666666666665
C2335,2499.5
C1776,2020.142857142857
C4716,2676.3
C9844,2720.8125
C6631,2148.0
C9696,2785.7
C2784,1680.2857142857142
C7498,2133.5555555555557
C7248,2187.5
C8108,2211.705882352941
C8976,3241.3333333333335
C7186,2806.6666666666665
C4627,2940.785714285714
C4795,2295.6428571428573
C5335,2046.5384615384614
C8963,2352.625
C5273,2653.923076923077
C4819,2123.6363636363635
C7804,2663.4117647058824
C4930,2941.6666666666665
C7529,2110.090909090909
C8743,2758.0
C2668,2509.2
C7735,2008.75
C1556,2896.285714285714
C3678,2794.6
C6780,1319.8333333333333
C1581,2498.5
C3094,2678.733333333333
C5594,2155.5555555555557
C4622,2889.0
C6808,3769.8888888888887
C9069,1772.3636363636363
C3453,2921.6153846153848
C2680,2681.8947368421054
C6436,2105.714285714286
C9009,3738.0
C7482,886.2941176470588
C9775,2368.315789473684
C1357,2149.9
C3683,2337.3333333333335
C3164,1336.5
C7667,4024.4
C4049,1832.0
C2648,3711.0
C4081,3526.3125
C6422,1371.625
C9299,2583.1176470588234
C3662,1337.5
C7594,2310.3636363636365
C6660,2933.625
C8932,2862.090909090909
C5759,1630.4285714285713
C8262,2497.4166666666665
C8495,2302.714285714286
C6970,2580.4545454545455
C8105,2320.846153846154
C9422,2885.75
C6228,2438.6875
C5864,2894.6666666666665
C8724,3046.1428571428573
C8931,2862.818181818182
C5657,3216.230769230769
C4073,2358.923076923077
C9290,2390.625
C1153,3307.0833333333335
C1680,1986.3529411764705
C6349,2086.7272727272725
C1252,2589.8333333333335
C3505,2814.4615384615386
C8487,2269.5454545454545
C3812,1846.142857142857
C3119,2230.4666666666667
C6485,3697.0
C5562,2778.705882352941
C2321,2593.0833333333335
C5658,3396.1111111111113
C6046,2514.25
C2325,2150.733333333333
C2268,3797.4
C8566,1924.2
C1268,1606.5333333333333
C8085,3339.7272727272725
C6139,2942.125
C7213,3395.6363636363635
C2013,1976.2307692307693
C6804,2635.4615384615386
C1569,2472.0
C9933,1756.2
C3711,2548.75
C5721,2684.222222222222
C2824,2443.6
C8824,3221.285714285714
C2256,2813.7368421052633
C2684,1917.2222222222222
C5783,1518.5333333333333
C3401,2166.3333333333335
C9648,1876.8333333333333
C4291,3300.733333333333
C2185,2312.9333333333334
C7603,3537.8333333333335
C8417,2602.75
C7772,2255.6666666666665
C3899,2429.7
C2647,2400.714285714286
C1834,1950.7777777777778
C3346,1854.1052631578948
C6247,3141.133333333333
C8906,2343.190476190476
C6637,2074.4545454545455
C4426,2929.3333333333335
C6390,1852.142857142857
C2881,1470.5
C8732,2838.785714285714
C6893,2827.0
C9580,3412.6428571428573
C4764,2015.076923076923
C2215,2912.9166666666665
C5697,1937.6666666666667
C4399,2540.230769230769
C7887,2189.625
C8621,2734.2727272727275
C1935,3474.3333333333335
C5311,2619.75
C7895,3255.2
C7774,1912.8
C2574,1603.0
C5634,2259.714285714286
C8133,2837.6315789473683
C7395,2772.277777777778
C5399,2747.3846153846152
C5119,2362.1176470588234
C3317,2478.214285714286
C6136,2335.0
C8691,3344.6
C5533,2042.8333333333333
C5245,3404.25
C8218,1665.2307692307693
C3360,2562.5714285714284
C6350,3528.0
C6387,2897.5833333333335
C4234,2147.0833333333335
C5550,2167.733333333333
C3787,2297.9285714285716
C2800,2462.722222222222
C8234,2794.714285714286
C5761,3048.6666666666665
C4612,2980.0
C5556,2112.4285714285716
C3150,3508.3076923076924
C8033,2355.4
C1372,2903.9166666666665
C8410,2271.2
C1538,1997.0
C2116,2560.3333333333335
C2913,1441.3
C1105,2069.6
C5963,2652.0588235294117
C2586,3410.8333333333335
C2442,3310.714285714286
C1756,2034.642857142857
C9336,2672.3636363636365
C5619,2677.0
C1010,2736.4444444444443
C6258,2756.0
C6695,1930.4705882352941
C4634,2097.222222222222
C6550,3172.714285714286
C5037,1461.6666666666667
C2463,2402.9285714285716
C1655,2378.8
C9104,2006.6363636363637
C7972,1479.0
C8248,3001.714285714286
C7828,2511.1666666666665
C5882,2330.2
C3811,3202.1111111111113
C4147,2319.5333333333333
C2057,3904.6
C5624,3339.866666666667
C5570,1850.5
C7018,2837.909090909091
C6812,2684.3846153846152
C7496,2614.6428571428573
C8913,2960.8333333333335
C3764,2063.6363636363635
C7556,3468.75
C3013,2094.1875
C7121,2135.3076923076924
C7984,2261.3333333333335
C7628,2455.6
C4253,2205.181818181818
C5618,3449.5
C8630,2449.9166666666665
C3049,2482.6923076923076
C7180,2488.8
C4792,2599.909090909091
C4293,2322.076923076923
C8438,2927.8
C4621,2767.1739130434785
C6012,2659.157894736842
C3990,2697.0714285714284
C3515,1909.857142857143
C3788,2027.625
C5469,3544.6666666666665
C8625,1990.5
C1160,2267.0588235294117
C1486,3460.375
C9227,2497.3571428571427
C1884,3166.9
C6388,2767.6666666666665
C4349,2714.9285714285716
C8265,2093.8888888888887
C1488,2230.3636363636365
C3700,3781.2727272727275
C4158,2314.4166666666665
C5542,3105.0
C1495,885.0
C4354,2951.1666666666665
C8050,2937.375
C2433,2541.818181818182
C7842,1708.5384615384614
C7514,2958.0
C1117,2705.6153846153848
C1286,2463.3636363636365
C6060,2254.1111111111113
C5385,3361.076923076923
C6796,2627.133333333333
C5434,2900.5
C9415,3084.4444444444443
C3222,2613.8333333333335
C1420,2280.9285714285716
C3412,1793.4736842105262
C9768,3178.8333333333335
C1168,2364.4615384615386
C8151,2432.181818181818
C7230,3321.0
C9748,2232.9444444444443
C6105,2914.9444444444443
C6999,2556.1
C1853,2255.2
C5954,2070.8333333333335
C2118,3268.214285714286
C6888,2438.785714285714
C4487,1407.4
C7236,2646.75
C8315,1965.0
C4504,3915.4545454545455
C3942,2430.7
C1215,2991.818181818182
C8469,2535.5555555555557
C6163,1760.0
C9116,2194.1666666666665
C2807,2757.7
C2212,2431.6666666666665
C5834,2473.9375
C9200,2521.4
C2445,2929.0
C1912,1790.0
C7848,3280.769230769231
C4237,2757.125
C7559,2447.6666666666665
C8269,2570.25
C9572,4377.333333333333
C1907,2632.823529411765
C9078,2878.9
C3805,2374.222222222222
C6196,3462.6
C7988,3665.4615384615386
C2550,2087.3529411764707
C6077,2186.5833333333335
C6303,2453.0
C7017,1801.857142857143
C1254,1252.090909090909
C3468,3191.3846153846152
C5109,2358.2
C6355,3382.1875
C7858,2963.230769230769
C2365,3637.1428571428573
C4596,2258.25
C3950,3021.846153846154
C3219,2538.9444444444443
C6548,2645.0
C3455,2520.6923076923076
C2214,4283.5
C9509,2777.8823529411766
C3426,2902.6666666666665
C3055,2512.2
C6126,3046.6666666666665
C6525,2440.375
C4899,2112.3333333333335
C8235,2285.3076923076924
C4910,3406.75
C7276,3108.5333333333333
C6574,3118.4666666666667
C9561,2487.090909090909
C8600,3194.2727272727275
C5635,3124.1666666666665
C6698,2773.8
C8982,2725.5
C2959,2774.7
C5297,1998.2
C7080,1705.0
C2318,1760.5833333333333
C7710,2729.5454545454545
C3996,2132.090909090909
C9327,1720.764705882353
C5123,2102.3636363636365
C7979,2770.0714285714284
C2297,2291.8
C4176,2180.0666666666666
C3489,1849.3333333333333
C4905,2833.5
C2371,1757.8666666666666
C1151,2767.8823529411766
C1201,2207.9375
C2188,3537.6666666666665
C5342,2791.5
C3917,2640.9
C9989,3065.5
C1983,3082.7272727272725
C6067,2319.764705882353
C8340,2626.9411764705883
C1085,2941.6
C7564,1789.5294117647059
C6775,2638.4444444444443
C9894,1680.8181818181818
C9970,2573.9411764705883
C1878,1927.909090909091
C7308,2558.409090909091
C2210,2322.1666666666665
C9077,2051.0
C3935,2977.5625
C3848,3183.3333333333335
C3606,1941.1538461538462
C8224,2504.0
C6167,3559.6153846153848
C9424,2017.7333333333333
C4140,2476.5
C8641,2333.5
C1088,2989.6
C4802,3451.0
C6865,1951.5714285714287
C5373,2660.3125
C2886,2524.2
C4272,2248.181818181818
C2404,2311.0714285714284
C2811,2366.777777777778
C6811,1756.0
C3735,3352.285714285714
C2299,2570.5625
C2478,1884.0
C5675,1606.9285714285713
C6129,2357.7894736842104
C6036,2856.235294117647
C8851,3360.9375
C5600,2469.9444444444443
C5858,2709.777777777778
C3708,2725.25
C8537,2553.75
C5136,2701.6666666666665
C6582,3903.285714285714
C8010,2139.0454545454545
C1695,2634.875
C4748,2531.6923076923076
C3415,3187.8571428571427
C5940,1793.2
C5247,2047.888888888889
C4227,2688.5384615384614
C1833,2248.4166666666665
C8506,3185.2727272727275
C8920,2032.2666666666667
C2772,2838.3
C5155,2725.0
C1278,2338.0
C8787,1280.0
C2039,2818.0
C4368,3638.7272727272725
C5544,2404.153846153846
C8524,2542.625
C1828,2478.0833333333335
C1845,2717.235294117647
C3944,2148.5833333333335
C1636,1557.75
C5238,2094.3076923076924
C5793,3375.1428571428573
C8346,3518.8571428571427
C8837,3684.25
C3450,1721.3076923076924
C7350,2344.8888888888887
C3381,3107.125
C4971,2587.375
C6866,1737.3846153846155
C3017,1919.25
C6449,1958.0
C1972,1960.857142857143
C3873,3674.3333333333335
C7360,2710.769230769231
C7409,4074.1111111111113
C9344,3913.25
C1447,3008.6153846153848
C6915,2921.3333333333335
C6391,2320.6666666666665
C6579,2309.266666666667
C9298,1928.375
C8113,2687.0
C9228,2467.45
C9635,2298.9166666666665
C6038,2479.0833333333335
C4367,2697.266666666667
C4149,1911.3636363636363
C4115,3432.277777777778
C9942,2405.1111111111113
C2066,2740.1428571428573
C7908,1648.6153846153845
C1172,2144.6875
C3303,1765.642857142857
C3537,3023.2727272727275
C1634,3044.4545454545455
C9144,2500.2
C6211,2682.7272727272725
C1365,1842.6666666666667
C1624,2892.6666666666665
C6604,2381.9285714285716
C5926,2869.230769230769
C4269,2537.75
C4285,3295.0
C4087,2680.0
C7174,2933.5454545454545
C7581,2089.866666666667
C5329,2126.8333333333335
C3005,1861.6
C1496,3262.3888888888887
C2079,1797.0
C2354,2297.9411764705883
C4303,1670.7142857142858
C3474,2707.0
C6752,3205.5263157894738
C1920,2077.4285714285716
C7340,2589.3076923076924
C8193,2156.875
C8114,2025.5454545454545
C6418,2485.4545454545455
C6608,2171.1666666666665
C4927,2414.9375
C6322,2977.181818181818
C4472,2568.9166666666665
C2156,3860.9411764705883
C2112,1411.375
C7541,2449.6923076923076
C3722,2169.1428571428573
C3518,3748.153846153846
C9772,2323.4
C5553,3077.214285714286
C6979,2809.153846153846
C1575,2808.6363636363635
C7839,2454.9166666666665
C3199,3118.2
C6774,2598.6666666666665
C5057,2719.4666666666667
C1689,2241.181818181818
C6738,3044.4615384615386
C2832,2310.3333333333335
C6903,2365.4545454545455
C2183,1686.3333333333333
C9891,3052.3
C6741,2715.6923076923076
C9054,2331.6
C7265,1521.5625
C1112,2211.8333333333335
C1641,2134.3333333333335
C2260,2885.3076923076924
C3623,3594.0625
C5690,1770.5714285714287
C4881,1802.4166666666667
C8730,3972.625
C8716,2952.714285714286
C3189,3045.315789473684
C9286,2183.230769230769
C7577,3056.8
C7474,2178.5555555555557
C7724,2012.1666666666667
C1692,3573.818181818182
C3943,3062.25
C9571,1869.2307692307693
C5345,2020.8333333333333
C5392,2627.9285714285716
C6499,1930.5
C1017,3255.8
C4670,1634.2727272727273
C7156,2135.1666666666665
C8713,2496.8
C1399,2442.5
C2282,2483.6666666666665
C5649,2379.823529411765
C3023,2408.4545454545455
C4726,3300.846153846154
C6737,2440.0
C8004,1992.2666666666667
C7843,2444.125
C2444,2626.8
C1383,2295.181818181818
C4019,3763.0
C8892,2363.75
C3075,2232.0
C2460,1942.1666666666667
C6874,3206.75
C6160,3942.4285714285716
C5368,2761.909090909091
C9214,3036.818181818182
C2303,2409.5333333333333
C6506,2265.090909090909
C5224,3437.125
C9432,3954.277777777778
C9677,3168.0
C8285,3368.176470588235
C1158,2663.8
C6567,2275.2
C7764,2211.4210526315787
C2758,2438.266666666667
C9729,1658.142857142857
C2619,2329.4444444444443
C3132,2678.0666666666666
C3932,2770.5454545454545
C9378,2656.5333333333333
C5829,2305.8888888888887
C6230,2123.0
C8842,1871.8461538461538
C3074,2590.8571428571427
C8305,2723.0588235294117
C1540,2398.875
C7684,2280.6666666666665
C2058,2186.8
C3051,1625.2857142857142
C3687,4067.6363636363635
C2760,1743.5454545454545
C6456,2169.4666666666667
C2044,2707.375
C6958,1437.5714285714287
C6069,2443.5454545454545
C2993,3186.181818181818
C2778,2346.25
C8572,2819.0
C4385,2930.0
C3501,2893.25
C1449,2016.4615384615386
C4846,2770.3571428571427
C7426,2649.777777777778
C5599,2166.75
C9651,2092.8
C5933,2558.722222222222
C4529,1941.2857142857142
C7396,1782.2941176470588
C3176,2501.8333333333335
C7176,3089.1111111111113
C9419,2505.230769230769
C3112,2141.0
C8522,2723.4444444444443
C7598,3292.0
C7250,2168.1052631578946
C9826,2240.785714285714
C1860,2845.125
C9094,1470.2142857142858
C7655,2295.1428571428573
C1938,3372.6
C5754,2669.75
C3464,2242.1666666666665
C8541,2306.285714285714
C2927,2431.3684210526317
C7283,3895.5
C2955,2008.6666666666667
C8345,2534.1
C7689,3793.1
C8823,3640.5
C4088,2603.9166666666665
C1167,2616.4166666666665
C6868,2524.6428571428573
C8123,3228.764705882353
C9381,3072.75
C8627,2249.7272727272725
C6776,2586.684210526316
C2163,2623.875
C1427,2534.6666666666665
C8213,3027.0
C8386,2343.6363636363635
C5313,2815.4
C1274,1912.25
C5098,2315.470588235294
C6255,2188.9333333333334
C8031,1999.3
C6025,1672.75
C6881,2517.0
C9245,2553.4
C1614,3470.181818181818
C1021,2498.8
C3291,2102.2
C7016,2013.235294117647
C5284,1973.6666666666667
C3986,2786.5882352941176
C4651,2454.0714285714284
C9595,1800.9
C6635,2889.9375
C4450,1381.8125
C5612,3793.153846153846
C1224,2320.1666666666665
C2450,2364.3636363636365
C1408,2544.4285714285716
C9524,2334.0
C9406,1967.1818181818182
C1566,2142.133333333333
C2707,2191.9166666666665
C1049,2348.0
C5710,2479.4615384615386
C5900,1156.0
C3478,2046.142857142857
C7516,2103.3333333333335
C6610,3416.0
C9948,2793.5263157894738
C8685,1747.6666666666667
C7037,2327.125
C7321,2123.4
C6450,2811.846153846154
C6470,2640.0
C5792,2115.3636363636365
C5861,1896.0
C4561,1939.142857142857
C3512,2010.357142857143
C5363,3008.0
C2164,3596.3333333333335
C7869,2499.35
C2069,987.0
C9088,3621.5555555555557
C6074,2525.1
C9287,2484.2727272727275
C8948,3313.0
C6382,2747.6666666666665
C7558,1400.8
C4761,2964.818181818182
C2698,2041.2307692307693
C2905,2321.3846153846152
C9466,2820.3529411764707
C2990,3514.4
C1448,3566.764705882353
C9930,1414.6666666666667
C6864,3007.9375
C4571,3166.769230769231
C5221,2534.8571428571427
C7386,1572.2307692307693
C1401,2162.5882352941176
C6276,2361.230769230769
C4644,2528.75
C1957,2480.1666666666665
C4296,2752.5454545454545
C7416,1649.125
C3612,2463.625
C2810,3238.25
C8977,2976.4545454545455
C4137,1849.0
C5047,2022.4166666666667
C3238,2831.4666666666667
C1721,2373.0666666666666
C6431,1853.5625
C6936,1759.5714285714287
C9073,2105.4
C4672,1713.0
C9609,2510.5
C9982,3076.5
C9346,3042.8
C4092,3657.0
C3737,2390.214285714286
C4758,1949.8333333333333
C3287,2690.181818181818
C3584,2632.7272727272725
C6789,2545.3636363636365
C3384,1528.578947368421
C9816,1936.0
C1095,1912.1818181818182
C5713,2366.4545454545455
C1515,3249.375
C9166,2155.3
C3223,2615.75
C8981,1820.25
C2038,2513.6
C8464,2243.0
C5734,2922.4210526315787
C3348,2389.125
C3889,2874.3
C1808,1951.5384615384614
C1508,2645.5882352941176
C1162,2676.3333333333335
C1352,3128.0625
C4071,1976.5
C3527,2472.1428571428573
C1141,2971.8
C4099,2321.5
C1003,3035.3333333333335
C3121,1781.3333333333333
C7305,2889.1363636363635
C3748,2812.809523809524
C8497,3244.0
C2965,2057.6875
C2301,2354.9444444444443
C2700,3075.1428571428573
C5413,2477.25
C8521,2857.625
C8877,1894.75
C5347,2853.6428571428573
C5671,2205.4285714285716
C9210,3406.8
C4495,2444.8333333333335
C8862,2616.6428571428573
C5752,3078.266666666667
C9413,2385.3888888888887
C1047,2113.5714285714284
C6229,1712.8125
C3615,2052.0833333333335
C6667,1363.625
C9268,2832.25
C9992,2601.076923076923
C7543,2520.0
C5837,2046.0
C7245,2841.5
C5172,2527.409090909091
C4039,2213.3846153846152
C7466,2275.0625
C1613,2458.4117647058824
C2655,2680.9411764705883
C7106,2439.8888888888887
C1989,3141.3333333333335
C8578,1978.1818181818182
C6085,2824.214285714286
C7589,3214.5
C9624,2872.4666666666667
C7195,1638.4285714285713
C6519,2425.5333333333333
C9223,2348.0
C9983,2451.0
C2748,2923.8571428571427
C5294,2640.4
C8302,4532.833333333333
C2033,2336.2
C4518,3822.285714285714
C9915,3319.9333333333334
C8814,4012.5454545454545
C3555,2815.3636363636365
C9308,2604.529411764706
C3025,3300.4444444444443
C1389,1676.0
C6483,2282.3076923076924
C7077,2128.9523809523807
C9991,1975.7692307692307
C9812,2231.076923076923
C3129,3158.0
C6768,2363.8888888888887
C1997,3348.6875
C1822,2516.4
C1080,3285.3846153846152
C6117,1732.0
C1035,3231.4
C9160,2973.25
C7167,2429.75
C5405,2028.5384615384614
C5865,758.0
C9100,2988.7272727272725
C1892,1358.857142857143
C2751,2666.777777777778
C1962,2613.777777777778
C6057,2947.4166666666665
C3133,1966.6666666666667
C9654,2474.6153846153848
C1711,2738.222222222222
C4756,3515.0
C3874,2516.3636363636365
C9745,2391.125
C9363,1242.0
C6088,2929.909090909091
C6254,2027.7222222222222
C8443,2704.1666666666665
C2998,2996.181818181818
C6507,2423.222222222222
C5058,3345.0
C4024,3631.375
C2961,2254.6923076923076
C3496,2592.190476190476
C1164,1677.625
C3429,1803.8
C6082,755.3333333333334
C8595,2287.75
C2511,2513.6470588235293
C4744,1771.4444444444443
C9340,2104.1666666666665
C9674,1566.4
C1987,1656.3636363636363
C9038,2414.8
C1965,3381.090909090909
C4337,2477.923076923077
C2982,2096.6
C1120,2646.4166666666665
C7508,2316.7083333333335
C8299,1678.6363636363637
C4922,1966.5
C3961,2226.5333333333333
C8210,3175.733333333333
C6249,2772.6
C5201,2126.8
C4517,2394.4117647058824
C9951,2903.521739130435
C5684,3412.25
C8795,2386.8125
C3084,1638.909090909091
C2241,1824.375
C5447,2731.5333333333333
C9939,2007.7142857142858
C3213,4561.2
C7630,2607.6
C6869,2343.4285714285716
C8434,2780.1428571428573
C7139,1686.6666666666667
C7586,3322.6875
C7025,1899.625
C1677,2310.9166666666665
C9537,2594.4375
C9746,2353.3333333333335
C1638,2889.470588235294
C5681,2540.285714285714
C9887,3236.4545454545455
C2138,2281.090909090909
C1557,2740.4444444444443
C7591,2307.3125
C8727,3048.9285714285716
C3314,2724.9375
C6584,2733.25
C5586,2883.5384615384614
C4963,2660.0
C8602,2254.125
C1279,2390.777777777778
C9407,2563.285714285714
C7259,1230.0833333333333
C5471,3095.230769230769
C6218,1110.111111111111
C7202,2986.4615384615386
C9173,1990.25
C6439,2294.8888888888887
C3194,2423.5
C5215,2448.5555555555557
C9440,1770.125
C2500,3485.0
C3011,2530.705882352941
C7903,2192.625
C3122,2604.8333333333335
C9749,1940.2142857142858
C2084,2765.5
C1701,2486.1666666666665
C3320,2060.1176470588234
C7567,2171.076923076923
C4059,2290.0714285714284
C6514,2123.0
C9573,2890.866666666667
C1207,3108.0
C5195,1916.2857142857142
C8474,1833.4615384615386
C4294,2341.0
C9196,2653.6363636363635
C7159,3015.4117647058824
C7763,1516.2
C4978,3212.2727272727275
C1474,2846.1
C3839,2456.095238095238
C2610,3065.7272727272725
C7444,2422.0
C8171,1586.3125
C5961,2441.5
C3930,3301.8125
C4287,3337.8571428571427
C5588,2423.4
C9207,2545.6428571428573
C4479,2376.076923076923
C6696,2977.2
C3824,2869.3846153846152
C9733,3594.294117647059
C6693,3033.1
C3475,2805.0
C3073,3555.285714285714
C4363,3842.875
C8752,3158.6666666666665
C2346,2558.076923076923
C6941,3393.5
C7492,1839.2307692307693
C9257,2587.0666666666666
C2030,1949.1666666666667
C1323,2751.0
C3893,2760.705882352941
C8950,2419.0526315789475
C5943,2176.5
C5676,2042.764705882353
C2703,2636.2
C3371,3412.2727272727275
C7201,3260.4
C1032,2417.764705882353
C9831,2473.9285714285716
C9744,2191.3846153846152
C1633,1715.0
C7101,2080.6
C4106,1451.5714285714287
C5279,2091.4285714285716
C3434,2922.0
C8118,2959.9166666666665
C2028,2850.8571428571427
C4986,1553.6666666666667
C5577,1898.857142857143
C3056,2249.5
C3598,2679.909090909091
C6946,2953.8
C9766,2768.846153846154
C9362,3581.5833333333335
C7293,2567.4545454545455
C2197,1584.25
C5677,2026.2222222222222
C1125,3014.777777777778
C6478,3786.25
C8489,2613.5
C1630,2362.5714285714284
C9958,3389.1666666666665
C3217,1918.4545454545455
C9350,2157.0
C1950,3957.375
C4591,2840.0
C3186,2451.4166666666665
C9716,2541.818181818182
C7407,2277.5625
C5069,1716.1666666666667
C7535,4168.222222222223
C4675,2749.1428571428573
C1145,2390.9285714285716
C7241,2561.090909090909
C9755,1427.3125
C7706,3228.4166666666665
C9129,2657.3333333333335
C6969,2523.4444444444443
C4570,3241.0
C9668,3274.9166666666665
C6673,2283.6363636363635
C7027,2030.2857142857142
C7786,2560.5384615384614
C5187,1480.25
C3305,2314.6666666666665
C1976,3160.75
C1856,2355.25
C2484,2494.909090909091
C5013,1689.4615384615386
C3410,2415.222222222222
C6337,3387.5833333333335
C1262,2472.6363636363635
C2375,3105.1111111111113
C4519,1942.5454545454545
C5367,2463.9
C9231,2773.875
C4322,3207.153846153846
C7590,2726.25
C7020,2823.25
C2123,2808.1176470588234
C5574,2432.4285714285716
C6171,1926.0
C3110,1482.0
C9391,3355.8888888888887
C4328,1686.642857142857
C3519,2235.2727272727275
C7071,3846.3333333333335
C2660,2925.5833333333335
C9940,2435.0625
C3761,2406.909090909091
C1503,2072.5714285714284
C9209,3350.7272727272725
C3151,2095.777777777778
C4094,3107.0625
C6575,2580.0
C7582,2729.4444444444443
C2019,2819.375
C2725,3241.0
C7829,2644.4666666666667
C9109,2758.866666666667
C5084,2857.3333333333335
C2109,2013.2
C5280,2192.3125
C2597,2515.25
C2206,2052.090909090909
C8242,1936.4705882352941
C9115,2746.4761904761904
C2953,2511.1428571428573
C7946,3001.5555555555557
C2052,1942.421052631579
C9842,2025.357142857143
C7102,2037.3125
C8146,2050.6666666666665
C5327,2796.2727272727275
C1975,3285.923076923077
C2783,2484.285714285714
C2856,3123.733333333333
C3596,1963.2222222222222
C2074,1740.142857142857
C3154,2210.5833333333335
C5248,2631.25
C9053,1563.2142857142858
C9507,2969.0
C3588,2439.8333333333335
C2599,1649.6363636363637
C4958,2815.25
C3767,1242.0
C7683,2355.8333333333335
C6037,2688.0
C7568,2302.266666666667
C5443,3511.222222222222
C5917,2192.4166666666665
C9154,2873.2105263157896
C1266,2106.0
C4491,1752.909090909091
C1877,1665.3333333333333
C6835,2657.153846153846
C3544,1798.157894736842
C3014,1680.5833333333333
C8286,1097.0
C9808,4048.4545454545455
C2981,3236.0
C9962,3077.5
C3240,1624.1818181818182
C3190,2557.5
C1439,3267.3529411764707
C2866,2612.769230769231
C9046,3352.6428571428573
C7910,3376.75
C4794,3228.8333333333335
C6920,1867.090909090909
C1456,3539.714285714286
C6923,2514.0
C8475,2375.470588235294
C3570,2006.6923076923076
C6994,2447.8
C2409,1992.5
C7904,2877.4615384615386
C7155,1208.1
C5890,3343.470588235294
C6372,3198.0
C4594,2277.5
C3230,2640.5555555555557
C8863,2991.3333333333335
C3364,3202.1
C4840,2444.090909090909
C6178,1986.0
C7562,2025.4615384615386
C1174,2446.8333333333335
C6474,2132.4444444444443
C9636,1902.888888888889
C3334,1806.1666666666667
C6021,1685.0
C4175,2672.9375
C1786,2520.866666666667
C8440,2149.9411764705883
C1868,2822.625
C1353,2795.5
C1657,2174.4375
C6443,2934.0625
C6323,2527.818181818182
C7715,2498.090909090909
C7284,2250.875
C2344,2898.1111111111113
C3626,2886.1666666666665
C5087,2279.8333333333335
C9713,1655.0
C9799,2774.2
C4818,2942.7272727272725
C4812,2117.0
C7295,2246.6666666666665
C8177,3762.125
C1506,2795.909090909091
C3436,1815.4545454545455
C2624,2029.375
C2441,2833.9
C6294,2543.722222222222
C6020,2052.0
C5106,2392.769230769231
C5416,1699.1818181818182
C5511,1616.0
C8150,1651.4
C2459,2474.4166666666665
C3774,2095.0833333333335
C9066,1318.5
C3682,3327.0
C8243,2308.5555555555557
C8629,1830.909090909091
C1199,3189.4166666666665
C8990,2068.8333333333335
C6348,3647.625
C3339,1797.1818181818182
C6624,2281.0
C2131,2646.0
C3198,2344.153846153846
C4639,2763.75
C4467,2455.875
C5080,2813.8
C2525,2845.181818181818
C3919,2546.9166666666665
C8273,2942.0
C7719,3106.4615384615386
C9428,2169.5
C3275,2486.9166666666665
C9030,2806.9
C7526,1955.5
C6867,2223.521739130435
C7621,2036.7333333333333
C2855,1858.7857142857142
C1882,2800.4166666666665
C6597,1596.8125
C4231,2178.769230769231
C5288,1241.6
C7696,2460.9285714285716
C7528,2267.5
C5909,2692.9333333333334
C2096,2088.0
C9790,3324.5
C6376,2526.8333333333335
C9592,2193.6
C8176,2299.6
C2279,1947.1
C5936,3332.3636363636365
C9577,3151.3
C8722,3034.0
C2347,2934.2
C2126,3224.909090909091
C7187,2764.3529411764707
C9943,3773.1
C1651,3029.25
C1257,3235.4
C3744,2113.25
C5956,2045.6363636363637
C1230,3420.4545454545455
C2414,1991.1666666666667
C4389,2082.3
C2556,2302.777777777778
C4533,2363.25
C5822,2816.4
C5184,2684.909090909091
C7212,1825.25
C8356,3116.8
C5065,3006.25
C1346,2241.6
C9618,1942.3076923076924
C6671,2851.7272727272725
C9829,2454.7368421052633
C3405,2408.7272727272725
C8048,1947.3333333333333
C2124,2051.0
C1414,2166.625
C5740,2384.0
C3985,2889.4545454545455
C8960,2923.294117647059
C8173,2345.9444444444443
C7506,3189.153846153846
C2085,2102.8
C6862,3588.2
C8149,1328.076923076923
C2737,3188.6428571428573
C3041,2593.6363636363635
C2595,2010.2105263157894
C2160,1950.6
C9895,2729.25
C3341,1658.25
C5939,2994.0666666666666
C8760,2546.0625
C4668,2137.7272727272725
C6244,1735.6363636363637
C8720,1839.6
C4043,2950.5
C8168,2710.4166666666665
C7694,2629.1428571428573
C7052,2662.4615384615386
C4382,2422.5
C9157,2572.3076923076924
C2378,2255.2
C9872,3697.6666666666665
C2753,2375.625
C4167,2838.9333333333334
C8680,2459.375
C3627,1798.6666666666667
C2888,1885.2631578947369
C3897,1999.8333333333333
C5576,2533.8571428571427
C2286,2871.3333333333335
C1412,2073.5833333333335
C8120,3083.5833333333335
C9468,2108.0
C3775,1893.7692307692307
C5880,2963.5
C2717,2115.6875
C6745,3022.818181818182
C8703,2410.4666666666667
C7973,2438.0
C8936,2611.8947368421054
C4937,2063.7368421052633
C9840,2833.75
C5514,2634.875
C9604,3182.5833333333335
C3390,2321.6363636363635
C3914,1821.2941176470588
C3693,2281.214285714286
C2475,2312.6
C4425,3280.714285714286
C1465,2037.0
C8956,2493.0
C8859,3162.25
C9575,1997.2222222222222
C1467,3732.285714285714
C5561,1578.888888888889
C5222,2695.6363636363635
C9349,2119.25
C8000,2270.714285714286
C1548,3067.3846153846152
C2696,2934.842105263158
C6052,1480.3333333333333
C9251,2325.153846153846
C1545,2153.266666666667
C2761,2072.1666666666665
C1897,3154.1304347826085
C5987,2781.4375
C6084,2765.0
C2702,2159.9375
C3439,1609.625
C3601,2459.9333333333334
C6464,2512.6428571428573
C6595,2249.6875
C1002,3165.8333333333335
C7720,3596.75
C3941,2465.777777777778
C9613,2508.6315789473683
C5620,2357.0
C1752,2347.6153846153848
C1392,2609.3
C2623,2598.4
C8882,3363.818181818182
C8406,2629.6315789473683
C5911,1954.125
C7928,2840.1111111111113
C3264,2617.9411764705883
C3745,2394.909090909091
C6324,2591.5
C1773,2285.0666666666666
C3552,2709.0
C4595,2422.0
C9683,2003.7142857142858
C1978,2148.0
C9305,1821.0
C9158,2768.0
C2037,2949.6666666666665
C5581,2907.0526315789475
C2874,2282.181818181818
C3322,3261.777777777778
C8001,2181.285714285714
C8531,2631.5238095238096
C5130,3691.4444444444443
C8436,1836.4375
C7392,2265.904761904762
C9274,2031.125
C7269,3275.1666666666665
C6926,2003.6666666666667
C5695,3670.7272727272725
C9914,2959.6153846153848
C1379,2048.9375
C3622,2835.625
C3105,2526.9285714285716
C8054,1907.076923076923
C5417,1882.75
C8573,2392.2727272727275
C6206,2000.6
C9827,2667.9375
C9358,2482.4
C6547,2916.4545454545455
C4015,2894.6666666666665
C2426,2083.785714285714
C3508,2080.6
C9523,1685.4166666666667
C8069,2661.125
C2000,1676.2727272727273
C9643,1801.375
C8831,2567.3636363636365
C5497,2117.2727272727275
C1921,2051.9
C3818,3586.875
C9554,3312.1111111111113
C7897,1885.6875
C5409,2105.923076923077
C5477,2331.1111111111113
C6858,2771.4166666666665
C2746,2686.8333333333335
C3315,2728.733333333333
C8954,3314.6875
C3261,2497.8571428571427
C2388,2409.75
C7933,2446.0
C7260,3541.3333333333335
C5929,2318.733333333333
C1393,2588.823529411765
C3785,2271.3076923076924
C1914,1738.3529411764705
C2678,1672.3846153846155
C5134,2331.4
C7922,2094.0
C1775,2357.0666666666666
C1760,2585.3333333333335
C5598,2401.785714285714
C2507,2770.5454545454545
C8249,2080.4166666666665
C2196,2005.0
C5728,1708.6153846153845
C4686,3022.4444444444443
C5719,1662.076923076923
C4390,2500.4545454545455
C4657,2284.6
C7754,2657.4285714285716
C4535,1578.2222222222222
C3951,2685.4285714285716
C8929,2824.75
C6719,1601.3
C2924,2831.875
C8188,1678.0
C9329,1795.8333333333333
C5972,1738.7
C7983,2769.4117647058824
C2933,2540.6666666666665
C6045,1717.076923076923
C4058,2801.3333333333335
C5358,2363.714285714286
C5735,4228.111111111111
C7066,2964.2
C3308,2814.875
C1006,2265.8888888888887
C1823,1816.4285714285713
C2455,2590.5833333333335
C5476,2365.7727272727275
C5053,2062.6666666666665
C7151,2407.0
C9489,1823.5555555555557
C6416,2224.1111111111113
C8216,2402.8571428571427
C1637,2355.4615384615386
C9715,3284.2727272727275
C7527,3136.5
C7520,2053.8571428571427
C6127,3392.3333333333335
C1654,1666.5
C3808,2814.2727272727275
C7034,3172.25
C8686,2965.5833333333335
C7131,2939.157894736842
C9835,2572.3333333333335
C1647,2787.0
C9538,2827.0714285714284
C9356,2699.125
C8843,3620.823529411765
C5149,2119.6666666666665
C9384,2224.5625
C4454,2689.3571428571427
C3047,2576.3125
C2920,2677.913043478261
C7177,2282.2
C2551,2024.6
C9773,3029.4117647058824
C4769,2555.722222222222
C1059,1269.0
C6138,2927.4285714285716
C3355,1829.3076923076924
C4197,2877.3
C1019,2387.235294117647
C4847,2749.133333333333
C2867,2890.8
C7622,2418.0476190476193
C6713,2554.3333333333335
C1735,2984.909090909091
C7287,2199.25
C4124,1850.2222222222222
C9583,2201.0
C9929,2705.3571428571427
C7389,2313.923076923077
C8179,1909.3636363636363
C7387,2461.7368421052633
C5071,2656.3
C2893,1330.9333333333334
C5622,2291.7
C4350,2442.55
C3840,2266.3636363636365
C7268,2605.6
C8254,3743.6
C3663,2656.090909090909
C1746,2630.4545454545455
C8070,2512.6923076923076
C9795,1482.5
C8612,2210.75
C8520,2758.8888888888887
C6116,2548.8333333333335
C2625,2622.0
C7008,2225.3846153846152
C5485,2643.5
C3836,2869.923076923077
C3003,3247.8888888888887
C9320,2338.769230769231
C3902,2620.0
C3479,2074.823529411765
C8888,2597.4666666666667
C9034,2383.0
C3793,2119.5
C3140,2681.923076923077
C2858,2420.6
C4814,2424.1428571428573
C7978,2630.75
C3586,2024.125
C4907,2377.3
C5398,2737.5555555555557
C9631,1645.875
C5683,3114.133333333333
C6557,2839.4444444444443
C2266,2240.125
C5082,2901.785714285714
C7747,2784.4
C7114,2608.5384615384614
C7373,2234.0
C3686,4015.818181818182
C6592,2167.4166666666665
C1042,2182.0666666666666
C5075,2537.4166666666665
C8624,2190.3684210526317
C3307,2841.3
C7680,3033.5
C9966,1758.2857142857142
C5274,4297.4
C9070,2597.1428571428573
C2931,3219.722222222222
C2021,2247.0
C8928,2426.5833333333335
C3702,3513.1111111111113
C5727,2178.0588235294117
C1605,1945.8
C3010,1795.0
C7404,2475.777777777778
C2850,2936.0
C8866,1339.25
C6317,3329.5833333333335
C6534,3028.1428571428573
C5755,2282.4545454545455
C4929,1846.8333333333333
C9404,3083.3571428571427
C1367,3346.8888888888887
C8923,3059.0
C1821,1591.8
C3409,1565.888888888889
C4428,2224.3125
C6501,2496.625
C1016,1942.6363636363637
C3857,2765.8
C2759,2486.3333333333335
C8912,2879.0
C9898,3137.625
C5321,1987.2857142857142
C3844,1703.1818181818182
C4017,2030.4
C5050,2580.777777777778
C9143,1504.857142857143
C8049,2585.076923076923
C9731,1587.6153846153845
C1757,2407.0
C7135,2409.6153846153848
C1576,3481.9375
C4228,2042.142857142857
C5844,2313.764705882353
C6182,2432.818181818182
C2727,2912.3684210526317
C2928,2462.235294117647
C4617,1990.0
C3746,2268.3333333333335
C8283,2778.769230769231
C1812,1879.6666666666667
C6703,2418.5
C9607,2326.4166666666665
C3634,3539.2727272727275
C3274,2420.625
C4469,2783.9
C1764,1661.6153846153845
C5354,3004.9
C1899,2124.7
C1493,2776.214285714286
C2477,3070.3846153846152
C1525,2600.818181818182
C7188,2144.0
C3265,2808.4
C2271,1644.125
C8895,2608.230769230769
C9012,2544.8
C9263,2291.4285714285716
C9027,1852.75
C4063,2402.5454545454545
C1748,2589.866666666667
C4505,2175.8888888888887
C1880,2963.230769230769
C1539,1309.0
C9361,2751.1666666666665
C1143,3474.5384615384614
C1152,2570.235294117647
C6652,3698.9
C9081,2005.3333333333333
C2220,2334.181818181818
C2695,2765.818181818182
C5230,2322.6666666666665
C5427,2771.1428571428573
C9254,2993.3636363636365
C9813,1249.0
C8693,2040.3333333333333
C6000,1794.8461538461538
C2150,1748.9
C5310,1982.7894736842106
C1093,2262.9285714285716
C9304,2442.714285714286
C4706,2750.266666666667
C6363,2860.9523809523807
C3901,2549.0714285714284
C7649,1891.1818181818182
C1159,2632.5625
C8999,3028.294117647059
C8815,1934.8
C7437,2223.8125
C2919,2728.722222222222
C4582,2204.0
C4531,2268.4166666666665
C7569,2272.75
C3092,2615.2727272727275
C4146,1846.5
C8714,2934.75
C7525,2072.7
C1501,1870.7857142857142
C4895,2862.1428571428573
C5931,2672.3333333333335
C9110,2527.153846153846
C6131,3034.6
C3617,1843.6
C4144,3415.3333333333335
C3106,2992.1428571428573
C3581,3023.1666666666665
C4662,3974.9
C1958,3061.777777777778
C3557,2645.0
C3610,2501.4117647058824
C6092,2412.315789473684
C8829,1539.6
C5730,2688.6666666666665
C9248,3388.55
C4626,2570.3636363636365
C8006,2473.0
C6879,2399.375
C6329,2629.0
C1615,2260.6666666666665
C7737,2536.764705882353
C8247,3275.9473684210525
C6051,2408.5882352941176
C9236,2894.3
C2796,2963.6923076923076
C3796,2643.6315789473683
C3725,2857.7894736842104
C9825,3250.9
C2636,2738.2
C1443,2063.875
C5505,1308.076923076923
C4209,1147.4666666666667
C7060,1785.2727272727273
C9875,2656.3571428571427
C5296,2929.222222222222
C3853,2731.3636363636365
C3141,2691.285714285714
C1529,3412.2727272727275
C8591,2509.866666666667
C7523,3608.6153846153848
C9264,2262.5
C6690,2071.4545454545455
C7347,2076.285714285714
C6341,2388.9411764705883
C7975,1899.3846153846155
C7224,3106.705882352941
C5831,2812.6153846153848
C9950,2627.1666666666665
C1911,2853.7368421052633
C4408,2329.090909090909
C6047,2632.8333333333335
C2721,2023.5555555555557
C5024,3207.9285714285716
C2423,3399.0714285714284
C1422,2877.923076923077
C3825,2467.7272727272725
C2322,1697.4
C9093,2206.0
C6290,2623.7272727272725
C7838,1895.111111111111
C8470,3066.1666666666665
C4383,5269.333333333333
C8562,2461.090909090909
C5769,2056.8636363636365
C5452,1812.9166666666667
C7262,3614.3
C4120,2780.5714285714284
C3380,2194.8
C1895,2337.5714285714284
C6219,2566.133333333333
C7111,2760.153846153846
C6740,2122.25
C6549,2459.684210526316
C5078,3228.076923076923
C7636,1705.2142857142858
C5404,2839.9285714285716
C2729,2768.0
C6156,1909.2222222222222
C9390,2888.5
C7653,1994.1333333333334
C5060,1903.9333333333334
C4006,1589.8461538461538
C1272,2873.076923076923
C2992,2694.4375
C9018,2889.6666666666665
C1984,3386.181818181818
C6871,3561.0
C9374,2738.4375
C3342,1912.2142857142858
C1213,3246.4666666666667
C1200,2468.909090909091
C2265,2942.777777777778
C1532,3348.470588235294
C3600,3011.3333333333335
C1163,4178.625
C7851,2677.8333333333335
C4892,2281.866666666667
C9204,2684.625
C9043,1612.642857142857
C3646,2506.5625
C9718,2228.0
C9710,1874.3333333333333
C3225,2699.3333333333335
C8039,2960.25
C9339,2955.8
C5063,1783.625
C4053,2045.7058823529412
C8329,1987.8666666666666
C5589,2554.5333333333333
C3655,2129.4166666666665
C5252,2422.8695652173915
C4379,3045.4210526315787
C2538,2649.4545454545455
C2103,2722.5238095238096
C2692,2644.8
C9504,1617.5333333333333
C6312,2413.0
C6562,1800.625
C2350,2395.157894736842
C2991,3151.2727272727275
C4042,3065.6470588235293
C6989,2376.818181818182
C9202,2523.214285714286
C9226,2727.3333333333335
C1905,1539.4285714285713
C7129,3231.1666666666665
C9433,2180.9166666666665
C8199,2432.181818181818
C5522,2846.0
C3561,3211.1666666666665
C1111,3161.8888888888887
C5849,2260.3333333333335
C4223,2122.6666666666665
C6344,2811.0
C5122,2797.6428571428573
C2497,2848.4
C6059,2853.5555555555557
C2211,2222.222222222222
C8799,1770.0833333333333
C6555,3680.5384615384614
C3368,1717.3636363636363
C9472,1418.75
C2950,1922.1
C2224,2123.3333333333335
C8422,2570.9411764705883
C9416,2355.875
C8223,2826.0
C7889,1812.75
C2612,2460.6923076923076
C3907,2613.3846153846152
C2192,2325.3
C3335,2022.8
C4423,3129.230769230769
C1900,2148.9166666666665
C2936,2802.8333333333335
C4633,2420.5
C5351,2566.846153846154
C5639,2711.9166666666665
C5536,2327.625
C1617,3158.153846153846
C7300,1826.2857142857142
C7942,2554.0
C7503,2439.0
C7408,1995.2727272727273
C3949,2357.3076923076924
C2102,2473.3846153846152
C7825,3384.923076923077
C7643,2556.777777777778
C3427,2909.0
C5009,2585.5454545454545
C2275,1675.8181818181818
C5232,2670.2727272727275
C9714,2684.1875
C9777,3252.9285714285716
C7868,2501.866666666667
C9188,2846.9166666666665
C5419,1877.642857142857
C3979,1677.3636363636363
C5540,2661.6923076923076
C4095,1640.7142857142858
C4920,2296.4117647058824
C3248,3038.75
C6346,1976.5454545454545
C3295,2589.4545454545455
C2572,2137.769230769231
C4501,2338.4545454545455
C8690,2365.1428571428573
C3797,2942.9444444444443
C1219,4814.111111111111
C4021,4510.8
C3323,2619.5714285714284
C6366,2910.4285714285716
C2264,1545.5714285714287
C5272,2094.6666666666665
C8439,2508.6875
C5830,1757.4666666666667
C6527,3012.4666666666667
C1350,1772.0
C4496,2653.3076923076924
C4823,2463.0
C7738,3215.6153846153848
C2848,2160.1666666666665
C2045,3460.5
C3235,2533.6
C8808,2669.5625
C4114,2306.3333333333335
C8529,1939.4615384615386
C3791,2627.9333333333334
C8967,2278.875
C7945,3052.8
C8846,2510.222222222222
C1166,2885.1666666666665
C9364,2596.375
C7918,4229.8
C7912,2698.8333333333335
C2403,3388.3636363636365
C4508,2808.6666666666665
C1784,3368.777777777778
C8319,1896.0
C6784,2845.909090909091
C8479,2502.3529411764707
C9774,2607.5
C3458,2502.95
C4443,3148.5625
C3060,2959.0714285714284
C3203,1969.2142857142858
C5757,1746.8235294117646
C6170,2888.0
C3753,2262.181818181818
C8056,2961.6666666666665
C2917,2332.0666666666666
C8747,3501.5555555555557
C4083,1898.5294117647059
C4990,2743.285714285714
C1192,2345.6666666666665
C4241,1982.0
C5603,2925.625
C4264,2475.2105263157896
C5265,2180.3846153846152
C9148,2608.909090909091
C8019,2348.5
C6791,1753.25
C4632,1509.5
C6779,2338.6666666666665
C8400,2124.375
C4984,2141.0
C1369,914.125
C8893,1861.142857142857
C5605,1899.75
C6223,3439.5
C3633,2743.0
C8523,2475.1666666666665
C4815,2774.3333333333335
C8144,1740.0
C9266,1890.375
C9163,1792.1666666666667
C4979,2426.5555555555557
C4982,2056.5833333333335
C3218,1995.125
C7760,3429.6
C9878,3131.375
C5349,2950.3
C2869,2257.5714285714284
C6619,3981.2
C7231,1267.1
C1300,2671.0
C7331,1863.7142857142858
C5892,2485.0
C4074,2900.2727272727275
C6492,2342.6153846153848
C5444,2147.1666666666665
C6913,2629.375
C2238,2980.8
C2031,2095.6153846153848
C7320,1939.8
C7204,2389.9
C4946,2744.090909090909
C9023,2849.4
C1909,1607.7777777777778
C5538,2198.2727272727275
C3428,3336.3333333333335
C9488,1801.25
C1970,3291.3
C6841,2531.785714285714
C8255,2712.1176470588234
C2602,1717.6666666666667
C4729,1956.5714285714287
C4182,1716.2222222222222
C8832,1751.25
C2557,2652.6
C1648,2667.8
C3558,1658.9166666666667
C6048,2498.5555555555557
C5010,3516.714285714286
C8181,2769.7
C5687,3577.8
C7963,2636.375
C7604,1670.2857142857142
C4702,1766.125
C8880,2595.0
C8446,2336.4545454545455
C6189,1340.9
C4939,2473.875
C1980,2020.888888888889
C5410,1513.6
C5495,2233.0
C9060,1918.9333333333334
C5041,1547.75
C8678,3389.25
C2326,2025.3333333333333
C3373,3787.4
C2443,2969.75
C6144,2495.4444444444443
C2024,2461.909090909091
C3809,1962.6666666666667
C5962,2381.0
C1902,2537.3333333333335
C6892,2844.5714285714284
C6321,1060.5714285714287
C2504,1886.125
C4430,2747.125
C1250,2593.4444444444443
C8945,2249.294117647059
C1026,2747.8
C6236,2991.769230769231
C8782,1861.5
C4302,2110.846153846154
C1444,1904.888888888889
C8163,3698.1428571428573
C4889,2608.181818181818
C4193,1420.125
C5779,2164.5555555555557
C3783,3039.846153846154
C5331,2186.285714285714
C8351,3067.4444444444443
C7375,2420.9
C1741,2270.214285714286
C6669,2310.8
C4506,2814.6666666666665
C5394,2189.3076923076924
C9498,2298.4
C4490,2915.375
C1954,2020.3
C6645,2544.5555555555557
C8516,1521.9333333333334
C6800,1595.4
C4574,2152.3
C4373,2058.8888888888887
C1438,2588.5555555555557
C9567,4549.166666666667
C9823,2148.0
C4687,2044.8
C8276,1266.1818181818182
C3278,1964.3333333333333
C9022,2932.5
C8797,2673.75
C9743,2404.769230769231
C4203,2723.25
C2706,1270.857142857143
C3602,1934.8333333333333
C1803,1686.875
C5436,3334.6
C6778,1924.5
C1724,2035.4166666666667
C7614,2713.8333333333335
C3107,2400.75
C4456,1677.6
C3338,3061.4545454545455
C1065,2734.875
C3760,2215.7272727272725
C7211,4363.7
C5406,2045.625
C8226,2970.5555555555557
C1259,2941.8333333333335
C6883,3352.5
C7546,3348.1428571428573
C7327,3341.5555555555557
C6396,2826.125
C7926,2827.8333333333335
C5489,1462.0
C7626,2015.6666666666667
C8390,3410.75
C6854,2375.0
C3673,2079.5
C2669,3181.0
C4542,3787.8571428571427
C7509,2521.125
C1946,1182.0
C6481,1820.7272727272727
C6843,2193.4444444444443
C1289,1975.1
C9050,2970.3571428571427
C7351,3194.6
C2060,3914.375
C8326,3008.8333333333335
C1275,2090.0
C4466,1171.4285714285713
C9671,2537.1111111111113
C1511,3443.6666666666665
C6939,2849.785714285714
C5255,2703.8333333333335
C7229,2680.9
C5966,3417.8333333333335
C6427,1903.0
C3491,2930.875
C7894,1061.625
C7648,2101.3125
C9949,3419.8
C2216,2741.3571428571427
C9998,2887.25
C2553,1232.142857142857
C7442,1947.2857142857142
C9544,3283.0
C2125,2551.0
C6842,2343.375
C1165,1972.75
C8904,2714.818181818182
C7573,2298.1
C6175,2991.4285714285716
C6767,3504.6
C7346,3224.818181818182
C9906,1509.9
C2957,2096.875
C2532,2554.5454545454545
C8053,1881.5
C5396,1221.5
C2609,2730.3846153846152
C2208,2493.0
C2814,3124.181818181818
C2176,1942.6666666666667
C3096,2557.75
C9876,2728.277777777778
C6066,2566.9
C6816,3210.25
C1504,3349.1111111111113
C9937,3119.5
C4923,2390.5
C9784,2310.5
C5242,1685.0
C1364,2604.25
C9342,1627.6666666666667
C2027,4261.0
C3031,2057.7
C3139,2153.133333333333
C6822,2432.785714285714
C9280,2249.6666666666665
C5758,2240.0
C5226,2785.222222222222
C4782,2410.8
C7716,2563.1666666666665
C9634,2769.3636363636365
C8694,2575.8
C1788,2691.0
C3297,3380.2
C8701,3001.0
C2295,2888.5625
C2172,1657.5
C9512,2229.3846153846152
C7455,2341.4
C5048,2216.5
C4536,2846.4
C7964,3544.625
C9058,3201.1666666666665
C5132,3011.25
C8426,1676.6
C5156,4269.0
C8733,2929.0
C3613,2949.777777777778
C9586,2730.8
C9198,3020.1666666666665
C8830,1121.6666666666667
C7717,2928.8
C8592,2777.6666666666665
